-- phpMyAdmin SQL Dump
-- version 5.0.2
-- https://www.phpmyadmin.net/
--
-- Servidor: 127.0.0.1
-- Tiempo de generación: 12-05-2020 a las 03:07:05
-- Versión del servidor: 10.4.11-MariaDB
-- Versión de PHP: 7.4.4

SET SQL_MODE = "NO_AUTO_VALUE_ON_ZERO";
START TRANSACTION;
SET time_zone = "+00:00";


/*!40101 SET @OLD_CHARACTER_SET_CLIENT=@@CHARACTER_SET_CLIENT */;
/*!40101 SET @OLD_CHARACTER_SET_RESULTS=@@CHARACTER_SET_RESULTS */;
/*!40101 SET @OLD_COLLATION_CONNECTION=@@COLLATION_CONNECTION */;
/*!40101 SET NAMES utf8mb4 */;

--
-- Base de datos: `presupuesto`
--
CREATE DATABASE IF NOT EXISTS `presupuesto` DEFAULT CHARACTER SET utf8mb4 COLLATE utf8mb4_general_ci;
USE `presupuesto`;

DELIMITER $$
--
-- Funciones
--
DROP FUNCTION IF EXISTS `daPadre`$$
CREATE DEFINER=`root`@`localhost` FUNCTION `daPadre` (`pOrden` INT, `pNivel` INT) RETURNS INT(11) BEGIN
	declare resultado int;
    select  id_cuenta into resultado from cat_cuenta where orden < pOrden and nivel < pNivel order by id_cuenta desc limit 1;
	RETURN resultado;
END$$

DELIMITER ;

-- --------------------------------------------------------

--
-- Estructura de tabla para la tabla `cat_activo_fijo`
--

DROP TABLE IF EXISTS `cat_activo_fijo`;
CREATE TABLE `cat_activo_fijo` (
  `id_activo` int(11) NOT NULL,
  `marca` varchar(50) NOT NULL,
  `tipo` varchar(50) NOT NULL,
  `categoria` varchar(20) NOT NULL,
  `proposito` varchar(100) NOT NULL,
  `tipo_usuario` varchar(100) NOT NULL,
  `num_serie` varchar(50) NOT NULL,
  `matricula_activo` varchar(20) NOT NULL,
  `matricula_usuario` varchar(20) DEFAULT NULL,
  `estado` varchar(20) DEFAULT NULL
) ENGINE=InnoDB DEFAULT CHARSET=utf8mb4;

--
-- Volcado de datos para la tabla `cat_activo_fijo`
--

INSERT INTO `cat_activo_fijo` (`id_activo`, `marca`, `tipo`, `categoria`, `proposito`, `tipo_usuario`, `num_serie`, `matricula_activo`, `matricula_usuario`, `estado`) VALUES
(1, 'apple', 'Computadora de Escritorio.', 'Desarrollo.', 'Desarrollo e implementación de Sistemas. Instalación y mantenimiento de software específico.', 'Gerentes, Supervisores, Técnicos.', '123456789', 'apple-123456789', NULL, '0'),
(2, 'asus', 'Laptop.', 'Estándar.', 'Instalación y mantenimiento de software específico.', 'Personal de enlace o comunicación, mercadotecnia, ventas, contabilidad y producción.', '987654321', '2', '2', '0'),
(6, 'msi', 'Laptop.', 'Básica.', 'Instalación y mantenimiento de software básico.', 'Empleados no gerenciales.', '7418529632', 'msi-7418529632', '3', '1'),
(7, 'msi', 'Laptop.', 'Básica.', 'Instalación y mantenimiento de software básico.', 'Empleados no gerenciales.', '741852963', '369258147', '20', '1'),
(8, 'dell', 'Computadora de Escritorio.', 'Estándar.', 'Instalación y mantenimiento de software básico.', 'Empleados no gerenciales.', 'KHJHHKJHK', 'UYTUYT', '49', '1'),
(9, 'hp', 'Computadora de Escritorio.', 'Desarrollo.', 'Desarrollo e implementación de Sistemas. Instalación y mantenimiento de software específico.', 'Personal de enlace o comunicación, mercadotecnia, ventas, contabilidad y producción.', '7418529639', 'hp-7418529639', '1', '1'),
(11, 'prueba', 'Computadora de Escritorio.', 'Básica.', 'Desarrollo e implementación de Sistemas. Instalación y mantenimiento de software específico.', 'Gerentes, Supervisores, Técnicos.', '123', 'prueba-123', '1', '1');

-- --------------------------------------------------------

--
-- Estructura de tabla para la tabla `cat_bancos`
--

DROP TABLE IF EXISTS `cat_bancos`;
CREATE TABLE `cat_bancos` (
  `id_banco` int(11) NOT NULL,
  `nombre` text DEFAULT NULL,
  `razon_social` text DEFAULT NULL,
  `activo` int(11) DEFAULT 1
) ENGINE=InnoDB DEFAULT CHARSET=utf8;

--
-- Volcado de datos para la tabla `cat_bancos`
--

INSERT INTO `cat_bancos` (`id_banco`, `nombre`, `razon_social`, `activo`) VALUES
(2, 'BANAMEX', 'Banco Nacional de México, S.A., Institución de Banca Múltiple, Grupo Financiero Banamex', 1),
(6, 'BANCOMEXT', 'Banco Nacional de Comercio Exterior, Sociedad Nacional de Crédito, Institución de Banca de Desarrollo\r', 1),
(9, 'BANOBRAS', 'Banco Nacional de Obras y Servicios Públicos, Sociedad Nacional de Crédito, Institución de Banca de Desarrollo\r', 1),
(12, 'BBVA BANCOMER', 'BBVA Bancomer, S.A., Institución de Banca Múltiple, Grupo Financiero BBVA Bancomer\r', 1),
(14, 'SANTANDER', 'Banco Santander (México), S.A., Institución de Banca Múltiple, Grupo Financiero Santander\r', 1),
(19, 'BANJERCITO', 'Banco Nacional del Ejército, Fuerza Aérea y Armada, Sociedad Nacional de Crédito, Institución de Banca de Desarrollo\r', 1),
(21, 'HSBC', 'HSBC México, S.A., institución De Banca Múltiple, Grupo Financiero HSBC\r', 1),
(30, 'BAJIO', 'Banco del Bajío, S.A., Institución de Banca Múltiple\r', 1),
(32, 'IXE', 'IXE Banco, S.A., Institución de Banca Múltiple, IXE Grupo Financiero\r', 1),
(36, 'INBURSA', 'Banco Inbursa, S.A., Institución de Banca Múltiple, Grupo Financiero Inbursa\r', 1),
(37, 'INTERACCIONES', 'Banco Interacciones, S.A., Institución de Banca Múltiple\r', 1),
(42, 'MIFEL', 'Banca Mifel, S.A., Institución de Banca Múltiple, Grupo Financiero Mifel\r', 1),
(44, 'SCOTIABANK', 'Scotiabank Inverlat, S.A.\r', 1),
(58, 'MIFEL', 'Banca Mifel, S.A., Institución de Banca Múltiple, Grupo Financiero Mifel\r', 1),
(59, 'INVEX', 'Banca Mifel, S.A., Institución de Banca Múltiple, Grupo Financiero Mifel\r', 1),
(60, 'BANSI', 'Bansi, S.A., Institución de Banca Múltiple\r', 1),
(62, 'AFIRME', 'Banca Afirme, S.A., Institución de Banca Múltiple\r', 1),
(72, 'BANORTE', 'Banco Mercantil del Norte, S.A., Institución de Banca Múltiple, Grupo Financiero Banorte\r', 1),
(102, 'THE ROYAL BANK    ', 'The Royal Bank of Scotland México, S.A., Institución de Banca Múltiple\r', 1),
(103, 'AMERICAN EXPRESS', 'American Express Bank (México), S.A., Institución de Banca Múltiple\r', 1),
(106, 'BAMSA', 'Bank of America México, S.A., Institución de Banca Múltiple, Grupo Financiero Bank of America\r', 1),
(108, 'TOKYO', 'Bank of Tokyo-Mitsubishi UFJ (México), S.A.\r', 1),
(110, 'JP MORGAN', 'Banco J.P. Morgan, S.A., Institución de Banca Múltiple, J.P. Morgan Grupo Financiero\r', 1),
(112, 'BMONEX    ', 'Banco Monex, S.A., Institución de Banca Múltiple\r', 1),
(113, 'VE POR MAS', 'Banco Ve Por Mas, S.A. Institución de Banca Múltiple\r', 1),
(116, 'ING', 'ING Bank (México), S.A., Institución de Banca Múltiple, ING Grupo Financiero\r', 1),
(124, 'DEUTSCHE', 'Deutsche Bank México, S.A., Institución de Banca Múltiple\r', 1),
(126, 'CREDIT SUISSE', 'Banco Credit Suisse (México), S.A. Institución de Banca Múltiple, Grupo Financiero Credit Suisse (México)\r', 1),
(127, 'AZTECA', 'Banco Azteca, S.A. Institución de Banca Múltiple.\r', 1),
(128, 'AUTOFIN', 'Banco Autofin México, S.A. Institución de Banca Múltiple\r', 1),
(129, 'BARCLAYS', 'Barclays Bank México, S.A., Institución de Banca Múltiple, Grupo Financiero Barclays México\r', 1),
(130, 'COMPARTAMOS', 'Banco Compartamos, S.A., Institución de Banca Múltiple\r', 1),
(131, 'BANCO FAMSA', 'Banco Ahorro Famsa, S.A., Institución de Banca Múltipl\r', 1),
(132, 'BMULTIVA', 'Banco Multiva, S.A., Institución de Banca Múltiple, Multivalores Grupo Financiero\r', 1),
(133, 'ACTINVER', 'Banco Actinver, S.A. Institución de Banca Múltiple, Grupo Financiero Actinver\r', 1),
(134, 'WAL-MART', 'Banco Wal-Mart de México Adelante, S.A., Institución de Banca Múltiple\r', 1),
(135, 'NAFIN', 'Nacional Financiera, Sociedad Nacional de Crédito, Institución de Banca de Desarrollo\r', 1),
(136, 'INTERBANCO', 'Inter Banco, S.A. Institución de Banca Múltiple\r', 1),
(137, 'BANCOPPEL', 'BanCoppel, S.A., Institución de Banca Múltiple\r', 1),
(138, 'ABC CAPITAL', 'ABC Capital, S.A., Institución de Banca Múltiple\r', 1),
(139, 'UBS BANK', 'UBS Bank México, S.A., Institución de Banca Múltiple, UBS Grupo Financiero\r', 1),
(140, 'CONSUBANCO', 'Consubanco, S.A. Institución de Banca Múltiple\r', 1),
(141, 'VOLKSWAGEN', 'Volkswagen Bank, S.A., Institución de Banca Múltiple\r', 1),
(143, 'CIBANCO', 'CIBanco, S.A.\r', 1),
(145, 'BBASE', 'Banco Base, S.A., Institución de Banca Múltiple\r', 1),
(166, 'BANSEFI', 'Banco del Ahorro Nacional y Servicios Financieros, Sociedad Nacional de Crédito, Institución de Banca de Desarrollo\r', 1),
(168, 'HIPOTECARIA FEDERAL', 'Sociedad Hipotecaria Federal, Sociedad Nacional de Crédito, Institución de Banca de Desarrollo\r', 1),
(600, 'MONEXCB', 'Monex Casa de Bolsa, S.A. de C.V. Monex Grupo Financiero\r', 1),
(601, 'GBM', 'GBM Grupo Bursátil Mexicano, S.A. de C.V. Casa de Bolsa\r', 1),
(602, 'MASARI', 'Masari Casa de Bolsa, S.A.\r', 1),
(605, 'VALUE', 'BValue, S.A. de C.V. Casa de Bolsa\r', 1),
(606, 'ESTRUCTURADORES', 'Estructuradores del Mercado de Valores Casa de Bolsa , S.A. de C.V.\r', 1),
(607, 'TIBER', 'Casa de Cambio Tiber, S.A. de C.V.\r', 1),
(608, 'VECTOR', 'Vector Casa de Bolsa, S.A. de C.V.\r', 1),
(610, 'B&B', 'BB y B, Casa de Cambio, S.A. de C.V.\r', 1),
(614, 'ACCIVAL', 'Acciones y Valores Banamex, S.A. de C.V., Casa de\r', 1),
(615, 'MERRILL LYNCH', 'Merrill Lynch México, S.A. de C.V. Casa de Bolsa\r', 1),
(616, 'FINAMEX', 'Casa de Bolsa Finamex, S.A. de C.V.\r', 1),
(617, 'VALMEX', 'Valores Mexicanos Casa de Bolsa, S.A. de C.V.\r', 1),
(618, 'UNICA', 'Unica Casa de Cambio, S.A. de C.V.\r', 1),
(619, 'MAPFRE', 'MAPFRE Tepeyac, S.A.\r', 1),
(620, 'PROFUTURO', 'Profuturo G.N.P., S.A. de C.V., Afore\r', 1),
(621, 'CB ACTINVER', 'Actinver Casa de Bolsa, S.A. de C.V.\r', 1),
(622, 'OACTIN', 'OPERADORA ACTINVER, S.A. DE C.V.\r', 1),
(623, 'SKANDIA', 'Banca Skandia Vida, S.A. de C.V.\r', 1),
(626, 'CBDEUTSCHE', 'Deutsche Securities, S.A. de C.V. CASA DE BOLSA\r', 1),
(627, 'ZURICH', 'Zurich Compañía de Seguros, S.A.\r', 1),
(628, 'ZURICHVI', 'Zurich Vida, Compañía de Seguros, S.A.\r', 1),
(629, 'SU CASITA', 'Hipotecaria Su Casita, S.A. de C.V. SOFOM ENR\r', 1),
(630, 'CB INTERCAM', 'Intercam Casa de Bolsa, S.A. de C.V.\r', 1),
(631, 'CI BOLSA', 'CI Casa de Bolsa, S.A. de C.V.\r', 1),
(632, 'BULLTICK CB', 'Bulltick Casa de Bolsa, S.A. de C.V.\r', 1),
(633, 'STERLING', 'Sterling Casa de Cambio, S.A. de C.V.\r', 1),
(634, 'FINCOMUN', 'Fincomún, Servicios Financieros Comunitarios, S.A. de C.V.\r', 1),
(636, 'HDI SEGUROS', 'HDI Seguros, S.A. de C.V.\r', 1),
(637, 'ORDER', 'Order Express Casa de Cambio, S.A. de C.V\r', 1),
(638, 'AKALA', 'Akala, S.A. de C.V., Sociedad Financiera Popular\r', 1),
(640, 'CB JPMORGAN', 'J.P. Morgan Casa de Bolsa, S.A. de C.V. J.P. Morgan Grupo Financiero\r', 1),
(642, 'REFORMA', 'Operadora de Recursos Reforma, S.A. de C.V., S.F.P.\r', 1),
(646, 'STP', 'Sistema de Transferencias y Pagos STP, S.A. de C.V. SOFOM ENR\r', 1),
(647, 'TELECOMM', 'Telecomunicaciones de México\r', 1),
(648, 'EVERCORE', 'Evercore Casa de Bolsa, S.A. de C.V.\r', 1),
(649, 'SKANDIA', 'Skandia Operadora de Fondos, S.A. de C.V.\r', 1),
(651, 'SEGMTY', 'Seguros Monterrey New York Life, S.A. de C.V.\r', 1),
(652, 'ASEA', 'Solución Asea, S.A. de C.V., Sociedad Financiera Popular\r', 1),
(653, 'KUSPIT', 'Akala, S.A. de C.V., Sociedad Financiera Popular\r', 1),
(655, 'SOFIEXPRESS', 'J.P. SOFIEXPRESS, S.A. de C.V., S.F.P.\r', 1),
(656, 'UNAGRA', 'UNAGRA, S.A. de C.V., S.F.P.\r', 1),
(659, 'OPCIONES EMPRESARIALES DEL NOROESTE', 'OPCIONES EMPRESARIALES DEL NORESTE, S.A. DE C.V., S.F.P.\r', 1),
(670, 'LIBERTAD', 'Libertad Servicios Financieros, S.A. De C.V.', 1),
(901, 'CLS', 'Cls Bank International', 1),
(902, 'INDEVAL', 'SD. Indeval, S.A. de C.V.\r', 1);

-- --------------------------------------------------------

--
-- Estructura de tabla para la tabla `cat_beneficiario`
--

DROP TABLE IF EXISTS `cat_beneficiario`;
CREATE TABLE `cat_beneficiario` (
  `id_beneficiario` int(11) NOT NULL,
  `rfc` varchar(13) COLLATE utf8_spanish_ci DEFAULT NULL,
  `nombre` varchar(80) COLLATE utf8_spanish_ci NOT NULL,
  `apepa` varchar(80) COLLATE utf8_spanish_ci DEFAULT NULL,
  `apema` varchar(80) COLLATE utf8_spanish_ci DEFAULT NULL,
  `curp` varchar(18) COLLATE utf8_spanish_ci NOT NULL,
  `estudios` varchar(150) COLLATE utf8_spanish_ci NOT NULL,
  `domiciio` varchar(250) COLLATE utf8_spanish_ci NOT NULL,
  `tel` varchar(60) COLLATE utf8_spanish_ci NOT NULL,
  `fecha` date DEFAULT NULL,
  `id_titulo` int(11) DEFAULT 0,
  `id_centrotrabajo` int(4) DEFAULT 0,
  `id_siaff` int(11) DEFAULT 0,
  `id_sicop` int(11) DEFAULT 0,
  `activo` tinyint(1) NOT NULL DEFAULT 1,
  `sueldo` decimal(7,2) DEFAULT NULL,
  `f_nacimiento` date DEFAULT NULL,
  `id_puesto` varchar(30) COLLATE utf8_spanish_ci DEFAULT NULL,
  `noempleado` varchar(30) COLLATE utf8_spanish_ci DEFAULT NULL,
  `email` varchar(60) COLLATE utf8_spanish_ci DEFAULT NULL,
  `cuenta_bancaria` varchar(30) COLLATE utf8_spanish_ci DEFAULT NULL,
  `segurosocial` varchar(40) COLLATE utf8_spanish_ci DEFAULT NULL,
  `estadocivil` tinytext COLLATE utf8_spanish_ci DEFAULT NULL,
  `id_banco` int(1) DEFAULT NULL,
  `resguardo` int(1) DEFAULT NULL,
  `celular` varchar(40) COLLATE utf8_spanish_ci DEFAULT NULL,
  `contactoemergencia` varchar(100) COLLATE utf8_spanish_ci DEFAULT NULL,
  `telemergencia` varchar(40) COLLATE utf8_spanish_ci DEFAULT NULL
) ENGINE=InnoDB DEFAULT CHARSET=utf8 COLLATE=utf8_spanish_ci;

--
-- Volcado de datos para la tabla `cat_beneficiario`
--

INSERT INTO `cat_beneficiario` (`id_beneficiario`, `rfc`, `nombre`, `apepa`, `apema`, `curp`, `estudios`, `domiciio`, `tel`, `fecha`, `id_titulo`, `id_centrotrabajo`, `id_siaff`, `id_sicop`, `activo`, `sueldo`, `f_nacimiento`, `id_puesto`, `noempleado`, `email`, `cuenta_bancaria`, `segurosocial`, `estadocivil`, `id_banco`, `resguardo`, `celular`, `contactoemergencia`, `telemergencia`) VALUES
(1, 'AAAA890723453', 'ANA KAREN', 'ALVARADO', 'ABREGO', 'AAAA890723MHGLBN0', 'INGENIERIA', 'AV. CENTENARIO #300, EDIF 7 DEPTO 202, COL. MERCED GOMEZ, DEG. ALVARO OBREGON, CIUDAD DE MEXICO. C.P. 01600', '56804748', '2017-03-10', 36, 1, 0, 0, 1, '13413.75', '2000-05-16', '1', 'AAFC5312224B7-1-0', 'email@prueba.com', 'AAFC5312224B7-0-0', 'AAFC5312224B7-0-0', 'Solterosky', NULL, 0, '56804748', 'CATALINO ALAMINA FONZ', '56804748'),
(2, 'AAAC920420BG6', 'CAROLINA', 'ALARCON', 'ARREDONDO', 'AAAC920420MDFLRR06', 'ARQUITECTURA', 'CALLE ANICETO JUAREZ 913 COL. DEL VALLE SUR, BENITO JUAREZ C.P 03100 CDMX', '55342830', '2018-07-06', 43, 1, 0, 0, 1, '13413.75', '2000-03-01', '2', NULL, NULL, '52471', '52471', NULL, 2, NULL, '55342830', 'AGUSTIN AVILA JAUFFRED', '55342830'),
(3, 'AAAD8905259V7', 'DENISSE MONSERRAT', 'ALVAREZ', 'ACOSTA', 'AAAD890525MMCLCN02', 'DERECHO', 'AND. AGUIRRE MZ-9 LT-9, COL. JESUS JIMENEZ GALLARDO, METEPEC, ESTADO DE MÉXICO, 52167', '04455 1151 1640', '2014-08-28', 93, 1, 0, 0, 1, '15000.00', '2000-07-01', '3', NULL, NULL, '2189', '2189', NULL, NULL, NULL, '04455 1151 1640', 'IGNACIO ALONSO HERNANDEZ', '04455 1151 1640'),
(4, 'AAAF730708EN0', 'FRANCISCO JAVIER', 'AYALA', 'ARELLANO', 'AAAF730708HMCYRR06', 'PROFESIONALES', 'AV. JUAREZ NO. 2 COL. XOCHITENCO DEL. CHIMALHUACAN C.P. 56334', '5551113744', '2016-06-02', 11, 1, 0, 0, 1, '18773.32', '2000-02-01', '4', NULL, NULL, '51943', '51943', NULL, NULL, NULL, '5551113744', 'FRANCISCO BATES IZQUIERDO', '5551113744'),
(5, 'AAAF730708ENO', 'FRANCISCO JAVIER', 'AYALA', 'ARELLANO', 'AAAF730708HMCYRR06', 'PROFESIONALES', 'AV. JUAREZ NO. 2 COL. XOCHITENCO DEL. CHIMALHUACAN C.P. 56334', '5551113744', '2016-04-27', 11, 1, 0, 0, 1, '13413.75', '2000-04-01', '5', NULL, NULL, '52626', '52626', NULL, NULL, NULL, '5551113744', 'ROBERTO AGUILAR ISLAS', '5551113744'),
(6, 'AAAG761204ED3', 'GABRIELA', 'ALVARADO', 'ALBORES', 'AAAG761204MCSLLB08', 'ARQUITECTURA', 'I A OTE SUR 475, SAN JOSÉ TERÁN, TUXTLA GUTIÉRREZ, CHIAPAS, CP 29050', '9611722334', '2017-02-22', 40, 1, 0, 0, 1, '8150.70', '2000-05-16', '6', NULL, NULL, '72753', '72753', NULL, 6, NULL, '9611722334', 'RODRIGO ARTURO AGUIRRE JIMENEZ', '9611722334'),
(7, 'AAAJ510624FH4', 'JUAN JOSE', 'ALVARADO', 'ALVAREZ', 'AAAJ510624HNLLLN09', 'INGENIERIA CIVIL', 'C. PUESTA DE LOS ENCINOS 1211 COL. FRACC. PUESTA DEL SOL 67145 GUADALUPE NUEVO LEON', '0', '2011-06-08', 29, 1, 0, 0, 1, '9257.22', '1999-12-01', '7', NULL, NULL, '51407', '51407', NULL, NULL, NULL, '0', 'ANGELICA BALCAZAR ROMERO', '0'),
(8, 'AAAJ710616DL3', 'JOSE DE JESUS', 'ALTAMIRA', 'ACOSTA', 'AAAJ710616HASLCS04', 'ARQUITECTURA', 'BARCIENE 119 FRACC. VILLA CAMPESTRE COL MARAVILLAS CP.20900 AGUASCALIENTES', '1', '2011-06-08', 1, 1, 0, 0, 1, '28446.99', '1999-12-20', '8', NULL, NULL, '51559', '51559', NULL, NULL, NULL, '1', 'VICTOR MANUEL BARCELO RODRIGUEZ', '1'),
(9, 'AAAL610319GI6', 'JOSÉ LUIS', 'ADAME', 'ÁVILA', 'AAAL610319HGRDVS08', 'INGENIERÍA CIVIL', 'MARISCAL GALEANA #8 COL. GALEANA, CHILPANCINGO GUERRERO, C.P. 39010', '747 4721299', '2012-07-24', 29, 1, 0, 0, 1, '13413.75', '1999-07-01', '9', NULL, NULL, '50900', '50900', NULL, 9, NULL, '747 4721299', 'GUSTAVO ADOLFO CAJIGAS GOMEZ', '747 4721299'),
(10, 'AAAL760225HL9', 'LUIS ARTURO', 'ALCANTARA', 'ALCANTARA', 'AAAL760225HDFLLS09', 'CONTADURIA PUBLICA', 'PRIV LAGO BOLSENA 37 4 ANAHUAC DISTRITO FEDERAL 11320', '4.55517E+11', '2010-05-28', 40, 1, 0, 0, 1, '6000.00', '2000-07-01', '10', NULL, NULL, '1446', '1446', NULL, NULL, NULL, '4.55517E+11', 'EDGAR JAVIER CASTILLO ORDOÑEZ', '4.55517E+11'),
(11, 'AAAL790225HL9', 'LUIS ARTURO', 'ALCANTARA', 'ALCANTARA', 'AAAL790225HDFLLS09', 'CONTADURIA PUBLICA', 'PRIV LAGO BOLSENA 37 4 ANAHUAC DISTRITO FEDERAL 11320', '', '2010-05-28', 40, 1, 0, 0, 1, '8150.70', '2000-02-16', '11', NULL, NULL, '28856', '28856', NULL, NULL, NULL, '', 'MIGUEL A CORCHADO OLVERA', ''),
(12, 'AAAL861222S78', 'LUIS FERNANDO', 'ARZATE', 'AGUILAR', 'AAAL861222HMCRGS00', 'SUPERIORES', 'IGNACIO LÓPEZ RAYON NO. 206 COL. 5 DE MAYO MUNICIPIO TOLUCA DE LERDO MEXICO C.P. 50090', '72 22 52 60 19', '2015-05-21', 2, 1, 0, 0, 1, '8150.70', '1995-04-01', '1995-04-01', NULL, NULL, '38220', '38220', NULL, 12, NULL, '72 22 52 60 19', 'ALBERTO IGNACIO COVARRUBIAS SOUZA', '72 22 52 60 19'),
(13, 'AAAO780324B43', 'OMAR', 'ARAIZA', 'ARAIZA', 'AAAO780324HBCRRM01', 'ARQUITECTURA', 'MANUEL FLORES 12001, INT. 201, LOS ALTOS, TIJUANA BAJA CALIFORNIA, C.P.22536', '4.46644E+11', '2011-10-07', 2, 1, 0, 0, 1, '3000.00', '2000-07-01', '13', NULL, NULL, '2194', '2194', NULL, NULL, NULL, '4.46644E+11', 'JOSUE GUILLERMO CRUZ CASTELLANOS', '4.46644E+11'),
(14, 'AAAR8405236B0', 'RAYMUNDO', 'AMADO', 'ANDRADE', 'AAAR840523HSRMNY00', 'INGENIERIA', 'CALLE EJERCITO NACIONAL 1518 ORIENTE, COLONIA: PRIMAVERA, CAJEME SONORA, C.P.85097', '44', '2016-11-18', 29, 1, 0, 0, 1, '8150.70', '1999-12-16', '14', NULL, NULL, '51767', '51767', NULL, 14, NULL, '44', 'ARMANDO DE LA CRUZ TORRUCO', '44'),
(15, 'AAAZ790311KN2', 'ZAYIL OMAR', 'ALCALA', 'AGUILAR', 'AAAZ790311HASLGY09', 'LICENCIATURA', 'FLOR DE LOTO NO. EX.T 12 COL. FELIPE ANGELES GRAL C.P.: 98054 ZACATECAS, ZACATECAS', '492 924 6137', '2017-11-13', 21, 1, 0, 0, 1, '6500.00', '2000-07-01', '15', NULL, NULL, '1804', '1804', NULL, NULL, NULL, '492 924 6137', 'JUAN FRANCISCO DIAZ FRANCO', '492 924 6137'),
(16, 'AABA840203DF3', 'ALMA MARIA', 'ABADIA', 'BALLESTEROS', 'AABA840203MHGBLL08', 'ARQUITECTURA', 'REAL DEL TITANIO, MZ 4, DOMESTICO,FRACC. OYAMEL, PACHUCA HGO. C.P. 42083', '4.57711E+11', '2013-06-12', 48, 1, 0, 0, 1, '18773.32', '2000-01-16', '16', NULL, NULL, '51816', '51816', NULL, NULL, NULL, '4.57711E+11', 'GUILLERMO DIAZ LASTRA', '4.57711E+11'),
(17, 'AABF7012175M9', 'FRANCISCO JOSE', 'ALVAREZ', 'BLUM', 'AABF701217HDFLLR04', 'INGENIERIA CIVIL', 'RICARDO PALMERIN 11 COL. GUADALUPE INN DEL. ÁLVARO OBREGON MÉXICO D.F. C.P. 01020', '5523414477', '2010-03-23', 29, 1, 0, 0, 1, '13413.75', '2000-05-16', '17', NULL, NULL, '52697', '52697', NULL, NULL, NULL, '5523414477', 'NORMA LETICIA DOMINGUEZ DE DIOS', '5523414477'),
(18, 'AABJ5003096V6', 'JAVIER', 'AMARO', 'BARRÓN', 'AABJ500309HDFMRV00', 'CONTADURÍA PÚBLICA', 'CLL BENITO JUÁREZ 49, COL. SAN ALVARO, AZCAPOTZALCO, D.F., 02090', '55 5341 5136', '2013-11-27', 4, 1, 0, 0, 1, '5250.00', '2000-07-01', '18', NULL, NULL, '1528', '1528', NULL, NULL, NULL, '55 5341 5136', 'OSCAR ESTRADA ARELLANO', '55 5341 5136'),
(19, 'AABJ760624UD5', 'JUAN ANTONIO', 'ANDRADE', 'BAUTISTA', 'AABJ760624HSPNTN02', 'ARQUITECTURA', 'RIO GRANDE No. 200 COLONIA BELLAS LOMAS, SAN LUIS POTOSI, S.L.P., C.P.78210', '', '2009-09-21', 2, 1, 0, 0, 1, '13413.75', '2000-03-16', '19', NULL, NULL, '52506', '52506', NULL, 19, NULL, '', 'RAFAEL ESCALANTE LOPEZ', ''),
(20, 'AACA830206T43', 'JOSÉ ADRIÁN', 'ALMANZA', 'CANTELLANO', 'AACA830206HPLLND01', 'ARQUITECTURA', 'RETORNO LOMA REYNA No. 62-A, FRACCIONAMIENTO LOMAS VERDES, XALAPA, VERACRUZ, C.P. 91098', '22 81 12 6022', '2009-09-21', 11, 1, 0, 0, 1, '8150.70', '1999-10-16', '20', NULL, NULL, '51326', '51326', NULL, NULL, NULL, '22 81 12 6022', 'ANTINEA CATALINA EIBENSCHUTZ GUTIERREZ ZAMOR', '22 81 12 6022'),
(21, 'AACE790416PK8', 'ERIK', 'ARANA', 'CRUZ', 'AACE790416HVZRRR03', 'RELACIONES INDUSTRIALES', '16 NTE. 974, COL. CENTRO NORTE, ORIZABA, VER. CP. 94300', '2289-88-30-68', '2017-03-13', 1, 1, 0, 0, 1, '8150.70', '2000-02-01', '21', NULL, NULL, '52305', '52305', NULL, 21, NULL, '2289-88-30-68', 'MIGUEL ANGEL EBOLI ARAIZA', '2289-88-30-68'),
(22, 'AACE840209FH6', 'EFRAIN', 'ALARCON', 'CRUZ', 'AACE840209HGRLRF03', 'ARQUITECTURA', 'JUAN N ALVAREZ 1046 COL. POLVOR EL TREINTA GUERRERO, C.P. 39920', '7444428150', '2014-06-11', 2, 1, 0, 0, 1, '12000.00', '2000-08-01', '22', NULL, NULL, '2227', '2227', NULL, NULL, NULL, '7444428150', 'JOSE LUIS FRANCO BASURTO', '7444428150'),
(23, 'AACE900331F40', 'EMILIA ELIZABETH', 'ARAUJO', 'CONTRERAS', 'AACE900331MDFRNM05', 'ADMINISTRACIÓN INDUSTRIAL', 'CALLE ANTONIO ROANOVA VARGAS MN 29 LT 2 ZONA ESCOLAR C.P. 07230 DELEG. GUSTAVO A. MADERO', '4.45568E+11', '2017-10-20', 11, 1, 0, 0, 1, '18773.32', '2000-05-01', '23', NULL, NULL, '52672', '52672', NULL, NULL, NULL, '4.45568E+11', 'JOSE FRANCISCO FERNANDEZ TORRES', '4.45568E+11'),
(24, 'AACE921226I51', 'JOSE EMMANUEL', 'ALVAREZ', 'CORNEJO', 'AACE921226HMNLRM07', 'INGENIERIA', 'CALLE LAS ORUGAS 208, COLONIA: SANTA MARTHA, LOCALIDAD: MORELIA, EDO. MICHOACAN, C.P. 58195', '45', '2016-10-10', 29, 1, 0, 0, 1, '8150.70', '2000-02-16', '24', NULL, NULL, '52344', '52344', NULL, NULL, NULL, '45', 'RODOLFO GARCIA CARRILLO', '45'),
(25, 'AACF8809085M1', 'FERNANDO', 'ALVAREZ', 'CHAVIRA', 'AACF880908HMCLHR07', 'PROFESIONALES', 'ADOLFO PRIETO NO. 1618 COL. DEL VALLE SUR', '4.45575E+11', '2017-10-20', 48, 1, 0, 0, 1, '13413.75', '1997-01-16', '25', NULL, NULL, '43639', '43639', NULL, NULL, NULL, '4.45575E+11', 'MARTIN FRANCISCO GONZALEZ KONIG', '4.45575E+11'),
(26, 'AACG870916I90', 'GERARDO', 'ALTAMIRANO', 'DE LA CRUZ', 'AACG870916HGRLRR05', 'INGENIERIA CONTRUCCION', 'CALLE RAUL ISIDRO BURGOS 9, COLONIA ANTONIO SOLIS DELGADO, CHILPANCINGO DE LOS BRAVOS, GUERRERO, C.P. 39017', '4723423', '2016-10-27', 3, 1, 0, 0, 1, '8150.70', '2000-04-16', '26', NULL, NULL, '52640', '52640', NULL, NULL, NULL, '4723423', 'ALBERTO FRANCISCO GONZALEZ RUIZ', '4723423'),
(27, 'AACH910805NQ4', 'HECTOR ULISES', 'APARICIO', 'CUEVAS', 'AACH910805HCHPVC05', 'PROFESIONALES', '2CDA DE CONKAL MZ 215,LT 44 COL. PEDREGAL DE SAN NICOLAS 4A SECCIÓN C.P. 14100,CIUDAD DE MÉXICO', '5545406540', '2016-06-06', 37, 1, 0, 0, 1, '13413.75', '1999-12-08', '27', NULL, NULL, '51566', '51566', NULL, NULL, NULL, '5545406540', 'SALVADOR GUTIERREZ MORALES', '5545406540'),
(28, 'AACJ571023GT4', 'JORGE', 'ABARCA', 'CABRERA', 'AACJ571023HCSBBR06', 'INGENIERIA', 'CINTALAPA 9 ALTOS, COL. LAS TORRES, TUXTLA GUTIÉRREZ, CHIAPAS, 29045', '961 604 0816', '2014-10-20', 60, 1, 0, 0, 1, '13413.75', '1999-12-01', '28', NULL, NULL, '51397', '51397', NULL, NULL, NULL, '961 604 0816', 'CARLOS ALBERTO HAGMAN SANTANA', '961 604 0816'),
(29, 'AACO831125D8A', 'OMAR', 'ALVAREZ', 'CORONA', 'AACO831125HDFLRM04', 'SUPERIORES', 'CALLE MELCHOR OCAMPO NO. 81, COL. EL TRIUNFO, IZTAPALAPA DISTRITO FEDERAL, C.P. 09430', '015 5539586115', '2014-11-10', 2, 1, 0, 0, 1, '13413.75', '2000-01-01', '29', NULL, NULL, '37635', '37635', NULL, NULL, NULL, '015 5539586115', 'GERARDO HERNANDEZ CUETO', '015 5539586115'),
(30, 'AACR780718IF5', 'RICARDO ERNESTO', 'ALVAREZ', 'CALDERON', 'AACR780718HMNLLC04', 'ARQUITECTURA - URBANISMO', 'CALLE CADIZ, NO. 51, DEPTO. 3, COL. INSURGENTES MIXCOAC, BENITO JUAREZ, MEXICO D,F. C.P. 03920', '56728834', '2013-06-12', 44, 1, 0, 0, 1, '18773.32', '1999-12-16', '30', NULL, NULL, '51608', '51608', NULL, 30, NULL, '56728834', 'ELADIO HERNANDEZ ORTIZ', '56728834'),
(31, 'AACR810307II2', 'RAÚL', 'AYALA', 'CORREA', 'AACR810307HDFYRL00', 'ARQUITECTURA', 'AV. UNIVERSIDAD 1900, EDIF. 5 INT. 401, U. HBIT. ALTILLO UNIVERSIDAD, C.P. 04360 DELG. COYOACAN MÉXICO D.F.', '5526156530', '2014-02-25', 2, 1, 0, 0, 1, '18773.32', '1999-12-16', '31', NULL, NULL, '51686', '51686', NULL, NULL, NULL, '5526156530', 'JESUS MANUEL HERNANDEZ SAURET', '5526156530'),
(32, 'AACT870105EQ3', 'TANIA DENISSE', 'AYALA', 'CARDONA', 'AACT870105MSLYRN08', 'ARQUITECTURA', 'CLZ. OBRERO MUNDIAL NO. 380 INT.- 605 COL. PIEDAD NARVARTE DELEGACIÓN BENITO JUÁREZ, D.F. C.P. 03100', '5539609092', '2013-03-12', 2, 1, 0, 0, 1, '2000.00', '2000-07-01', '32', NULL, NULL, '2126', '2126', NULL, 32, NULL, '5539609092', 'PORFIRIO HERNANDEZ ZUMAYA', '5539609092'),
(33, 'AADA610117J25', 'ANTONIO', 'ALVAREZ', 'DIAZ', 'AADA610117HMNLZN05', 'INGENIERO CIVIL', 'ROSA DE OLIVO MZ. 11 LT. 10-B COL. U. H. ALBORADA DE ARAGON, ECATEPEC, ESTADO DE MEXICO, CP 55240', '57982736', '2009-12-01', 3, 1, 0, 0, 1, '18773.32', '1997-04-16', '33', NULL, NULL, '44329', '44329', NULL, NULL, NULL, '57982736', 'JOSE MIGUEL LOPEZ FLORES', '57982736'),
(34, 'AADA730102EW2', 'ANGEL ARTURO', 'ALVARO', 'DUSSAUGE', 'AADA730102HVZLSN00', 'CICENCIATURA EN DERECHO Y CIENCIAS JURIDICAS', 'JUAN E. LOPEZ 2889,COL. LAS CUMBRES 4TO SEC. , MONTERREY NUEVO LEON C.P. 64610', '83002975', '2013-08-21', 62, 1, 0, 0, 1, '13413.75', '1999-04-16', '34', NULL, NULL, '50530', '50530', NULL, NULL, NULL, '83002975', 'ALICIA JOSEFINA MORALES MONFORTE', '83002975'),
(35, 'AADA740410GH5', 'ALEJANDRO', 'ÁLVARO', 'DUSSAUGE', 'AADA740410HVZLSL08', 'INGENIERIA MECANICA', 'PASEO DE LAS OLIMPIADAS NO. 2830, LAS CUMBRES 4, C.P. 64610, MONTERREY NUEVO LEON', '(81)83004816', '2010-03-30', 3, 1, 0, 0, 1, '13413.75', '1998-07-16', '35', NULL, NULL, '48771', '48771', NULL, NULL, NULL, '(81)83004816', 'JUAN FRANCISCO MONTES DE OCA PARADA', '(81)83004816'),
(36, 'AADG890227A8A', 'GABRIELA', 'ADAME', 'DÍAZ', 'AADG890227MGRDZB00', 'LICENCIATURA EN MERCADOTYECNIA Y RELACIÓNES PÚBLICAS', 'CALLE SAN LUIS POTOSÍ S/N COL. PLAN DE LOS AMATES C.P. 39931 COL. PLAN DE LOS AMATES, ACAPULCO GUERRERO', '7443178914', '2016-10-17', 40, 1, 0, 0, 1, '7000.00', '2000-07-01', '36', NULL, NULL, '1897', '1897', NULL, 36, NULL, '7443178914', 'ALFREDO MONTES RAMIREZ', '7443178914'),
(37, 'AADJ540624P2A', 'JUANA', 'ALVAREZ', 'DURÁN', 'AADJ540624MDFLRN00', 'LICENCIATURA EN ARQUITECTURA', 'PLAZA 9 PLAZA SAN MARCOS MZ. 35 LOTE 18, CASA4A, PLAZAS DE ARAGON, MUNICIPIO DE NEZAHUALCOYOTL, ESTADO DE MEXICO. C.P. 57139', '51203692', '2009-09-21', 11, 1, 0, 0, 1, '8150.70', '2000-07-01', '37', NULL, NULL, '52792', '52792', NULL, 37, NULL, '51203692', 'RICARDO ORTIZ GONZALEZ', '51203692'),
(38, 'AADO8401068Z7', 'OLIVER', 'AYALA', 'DOMINGUEZ', 'AADO840106HDGYML09', 'ARQUITECTURA', 'CALLE HACIENDA DE TAPIAS 217, FRACC. LA HACIENDA, DURANGO,DGO. C.P. 34238', '6181673082', '2016-09-13', 2, 1, 0, 0, 1, '17066.65', '2000-02-16', '38', NULL, NULL, '52094', '52094', NULL, NULL, NULL, '6181673082', 'MARCONI OSORIO GRANDADOS', '6181673082'),
(39, 'AAEA850212MAA', 'ADRIAN RICARDO', 'ALVAREZ', 'ESTRADA', 'AAEA850212HNTLSD02', 'ARQUITECTURA', 'CALLE ZARAGOZA No. 571 PTE., COLONIA HERIBERTO CASAS, TEPIC, NAYARIT, C.P. 63080', '', '2009-09-21', 1, 1, 0, 0, 1, '8150.70', '1999-12-17', '39', NULL, NULL, '51781', '51781', NULL, NULL, NULL, '', 'ROBERTO PRIEGO HERNANDEZ', ''),
(40, 'AAFC680302U84', 'CARLOS', 'AYALA', 'FLORES', 'AAFC680302HPLYLR04', 'SUPERIORES', '2DA CERRADA DE CHIMALPOPOCA NO. 11, INT 5, COL. SAN MIGUEL, IZTACALCO DISTRITO FEDERAL, C.P. 08650', '85003441', '2014-11-04', 29, 1, 0, 0, 1, '24769.15', '1999-01-01', '40', NULL, NULL, '50604', '50604', NULL, NULL, NULL, '85003441', 'NASHIELI RAMIREZ HERNANDEZ', '85003441'),
(41, 'AAFE830824AG5', 'EDGAR', 'ATALA', 'FLORES', 'AAFE830824HMCTLD00', 'ARQUITECTURA', 'CALLE ITALIA NUM. 16 B, COL. CUMBRES DEL VALLE, TLALNEPANTLA, ESTADO DE MEXICO, C.P.', '044(55)40345713', '2014-08-14', 11, 1, 0, 0, 1, '13413.75', '1995-04-16', '41', NULL, NULL, '39181', '39181', NULL, NULL, NULL, '044(55)40345713', 'ALEJANDRO BENJAMIN RAMIREZ MANZO', '044(55)40345713'),
(42, 'AAFM640426M7A', 'MIGUEL ANGEL', 'ALCANTARA', 'FERNANDEZ', 'AAFM640426HDFLRG04', 'ARQUITECTURA', 'AV CENTENARIO 2281 COL. JUAN GONZALEZ ROMERO 07410 GUSTAVO A. MADERO D. F.', '57571892', '2010-09-20', 11, 1, 0, 0, 1, '8150.70', '2000-01-16', '42', NULL, NULL, '51848', '51848', NULL, 42, NULL, '57571892', 'GUADALUPE RAMIREZ MORA', '57571892'),
(43, 'AAGA611111RJ5', 'JOSE ANDRES', 'AMARO', 'GUERRA', 'AAGA611111HTSMRN04', 'SOCIOLOGIA', 'CERRO DE LAS MITRAS 127, LAS PUENTES SEC. 1,2, SAN NICOLAS DE LOS GARZA, NUEVO LEÓN, 66460', '81 1693 9212', '2016-07-19', 1, 1, 0, 0, 1, '1500.00', '2000-07-01', '43', NULL, NULL, '2209', '2209', NULL, NULL, NULL, '81 1693 9212', 'JOSE ISABEL RIVERA RANGEL', '81 1693 9212'),
(44, 'AAGA651015P31', 'ANTONIO', 'ANDRADE', 'GÚZMAN', 'AAGA651015HCMNZN08', 'ARQUITECTURA', 'C. LERDO DE TEJADA NO. 521-A COL. PERIODISTA COLIMA, COLIMA C.P. 28070', '0', '2010-08-16', 21, 1, 0, 0, 1, '8150.70', '2000-03-01', '44', NULL, NULL, '52224', '52224', NULL, 44, NULL, '0', 'CARLOS ROMERO CORTES', '0'),
(45, 'AAGC7011079Q6', 'CARLOS', 'ARAMBULA', 'GARZA', 'AAGC701107HDFRRR07', 'ARQUITECTURA', 'CALLE ALABAMA 151 DEPTO. 404, COL. NAPOLES 03810, BENITO JUAREZ, D.F.', '56878024', '2009-12-01', 2, 1, 0, 0, 1, '18773.32', '1994-04-01', '45', NULL, NULL, '35557', '35557', NULL, NULL, NULL, '56878024', 'FRANCISCO JAVIER RODRIGUEZ CARBAJAL', '56878024'),
(46, 'AAGF791006FL7', 'FRANCISCO', 'ALBARADO', 'GERONIMO', 'AAGF791006HGRLRR01', 'INGERIERIA CIVIL', 'CALLE LORENZO BARCELATA No. EXT. 4, INT. A, COLONIA LOS ANGELES, CHILPANCINGO DE LOS BRAVO, GUERRERO, C.P. 39040', '(747)1081241', '2009-09-21', 11, 1, 0, 0, 1, '8150.70', '2000-05-16', '46', NULL, NULL, '52721', '52721', NULL, NULL, NULL, '(747)1081241', 'GILDA DE JESUS ROJANO MONTELONGO', '(747)1081241'),
(47, 'AAGH880215JQ0', 'HUGO ALBERTO', 'ALCANTARA', 'GAMA', 'AAGH880215HDFLMG08', 'ARQUITECTURA', 'PARRAL MZ 188 LT 18 COL. SAN FELIPE DE JESUS C.P.07510', '57150333', '2013-11-22', 11, 1, 0, 0, 1, '8150.70', '1998-03-01', '47', NULL, NULL, '47802', '47802', NULL, NULL, NULL, '57150333', 'IRMA GEORGINA ROJAS MORA', '57150333'),
(48, 'AAGJ741107J80', 'JUAN CARLOS', 'ALVARADO', 'GONZALEZ', 'AAGJ741107HDFLNN00', 'INGENIERIA Y ARQUITECTURA', '1CDA DE PORFIRIO DIAZ 212, COL. JUAREZ PANTITLAN, NEZAHUALCOYOTL, MEXICO, C.P. 57460', '22353436', '2011-05-19', 33, 1, 0, 0, 1, '2500.00', '2000-07-01', '48', NULL, NULL, '1665', '1665', NULL, NULL, NULL, '22353436', 'RAMON ROJAS RODRIGUEZ', '22353436'),
(49, 'AAGJ750518E59', 'JUAN ALFREDO', 'ALVARADO', 'GALVÁN', 'AAGJ750518HSPLLN06', 'ARQUITECTURA', 'PLAN DE AYUTLA NO. 165, COLONIA TEQUISQUIAPAN, SAN LUIS POTOSÍ, S. L. P., C.P. 78230', '', '2009-09-21', 11, 1, 0, 0, 1, '13413.75', '1987-06-02', '49', NULL, NULL, '5800', '5800', NULL, NULL, NULL, '', 'ANA BERTHA ROMERO TORRES', ''),
(50, 'AAGJ850304M40', 'JACQUELINE', 'ALARCÓN', 'GONZÁLEZ', 'AAGJ850304MDFLNC03', 'PREPARATORIA', 'CLL HÉROES DEL 47 NO. 63, COL. CHURUBUSCO COYOACÁN, DEL. COYOACÁN, MÉXICO, D.F. 04120', '55 5336 0999', '2013-10-14', 31, 1, 0, 0, 1, '13413.75', '2000-02-16', '50', NULL, NULL, '52143', '52143', NULL, NULL, NULL, '55 5336 0999', 'JAVIER RUIZ DOMINGUEZ', '55 5336 0999'),
(51, 'AAGM810220590', 'MIRIAM YENELY', 'AYALA', 'GARCIA', 'AAGM810220MDFYRR09', 'DERECHO', 'RETORNO 3 DE GENARO GARCIA No.18, COLONIA JARDIN BALBUENA, DELEGACIONV. CARRANZA, DISTRITO FEDERAL, C.P. 15900', '', '2009-09-21', 9, 1, 0, 0, 1, '13413.75', '1999-12-16', '51', NULL, NULL, '51735', '51735', NULL, NULL, NULL, '', 'FELIX SANCHEZ GALMICHE', ''),
(52, 'AAHI690131RY2', 'IGNACIO', 'ANAYA', 'HERNANDEZ', 'AAHI690131HTSNRG02', 'ARQUITECTURA', 'CALLE SALOMÓN GUTIÉRREZ NÚM. 609-A, COLONIA JESÚS LUNA LUNA, C.P. 89514, CD. MADERO, TAMAULIPAS.', '(833) 1265132', '2012-07-26', 21, 1, 0, 0, 1, '18773.32', '1999-05-01', '52', NULL, NULL, '50890', '50890', NULL, NULL, NULL, '(833) 1265132', 'SILVIA SEVILLA ESCAMILLA', '(833) 1265132'),
(53, 'AAHJ860423H2A', 'JORGE ERNESTO', 'ANZALDO', 'HERNANDEZ', 'AAHJ860423HNTNRR04', 'ARQUITECTURA', 'CALLE PRIVADA PANAMA 6 LOS FRESNOS ORIENTE NAYARIT 63190', '', '2010-04-20', 2, 1, 0, 0, 1, '18773.32', '1999-12-16', '53', NULL, NULL, '51654', '51654', NULL, NULL, NULL, '', 'JUAN SIMBRON GARCIA', ''),
(54, 'AAHM870203PH3', 'MARCOS', 'AMAYA', 'HIDALGO', 'AAHM870203HDFMDR03', 'ARQUITECTURA', 'AV. CANAL DE CHALCO NÚM. 14 LOTE 3, COL. CHINAMPAS DE SANTA MARÍA TOMATLÁN, IZTALAPAPA, MÉXICO, D-F. C.P. 09880', '044(55)30684995', '2014-08-14', 48, 1, 0, 0, 1, '13413.75', '1999-12-16', '54', NULL, NULL, '51622', '51622', NULL, NULL, NULL, '044(55)30684995', 'JESUS DE LA TORRE MONTUFAR', '044(55)30684995'),
(55, 'AAHO791102AT2', 'ORLANDO', 'ARAGON', 'HERNANDEZ', 'AAHO791102HDFRRR12', 'ECONOMIA', 'CERRADA SANTA LUCIA 318 INT. D., COLONIA AGRICOLA PANTITLAN, IZTACALCO, CDMX, C.P. 08100', '44', '2017-04-28', 1, 1, 0, 0, 1, '6500.00', '2000-07-16', '55', NULL, NULL, '2224', '2224', NULL, NULL, NULL, '44', 'ERICK SANTIAGO UBALDO SERRANO', '44'),
(56, 'AAHS8502045X7', 'SONIA', 'ALVAREZ', 'HERNANDEZ', 'AAHS850204MDFFLRN0', 'TECNOCO EN INFORMATICA', 'CERRADA CALACOAYA LOTE 8, COL. PEDREGAL SANTA URSULA XITLA, CDMX, TLALPAN , C.P. 14438', '55', '2017-01-27', 45, 1, 0, 0, 1, '6000.00', '2000-07-01', '56', NULL, NULL, '2141', '2141', NULL, NULL, NULL, '55', 'JOSE URIBE GUTIERREZ', '55'),
(57, 'AAJR810623QD6', 'RAMIRO', 'AMADOR', 'JIMÉNEZ', 'AAJR810623HOCMMM01', 'ARQUITECTURA', 'CALZADA DE LA REPÚBLICA No. 113, COLONIA CENTRO, OAXACA DE JUÁREZ, OAXACA, C.P. 68000', '', '2009-09-21', 11, 1, 0, 0, 1, '13413.75', '1999-05-01', '57', NULL, NULL, '50883', '50883', NULL, NULL, NULL, '', 'MARTHA PATRICIA URBIETA UBILLA', ''),
(58, 'AALA740516UZ2', 'ALICIA PENÉLOPE', 'ALMADA', 'LÓPEZ', 'AALA740516MDFLPL06', 'CIENCIAS Y TÉCNICAS DE LA INFORMACIÓN', 'LEOPOLDO BERISTAIN NO. 10, CIUDAD SATÉLITE, NAUCALPAN DE JUÁREZ, ESTADO DE MÉXICO, 53100', '04455 5402 5035', '2014-08-29', 40, 1, 0, 0, 1, '13413.75', '2000-01-08', '58', NULL, NULL, '51823', '51823', NULL, 58, NULL, '04455 5402 5035', 'HORACIO VARGAS MARTINEZ', '04455 5402 5035'),
(59, 'AALA9001153T8', 'ANA LUZ', 'AYALA', 'LARA', 'AALA900115MDFYRN09', 'ARQUITECTURA', 'MEDICOS 37 COL SIFÓN DEL IZTAPALAPA CP 09400, CDMX', '56331545', '2016-02-22', 2, 1, 0, 0, 1, '6000.00', '2000-07-01', '59', NULL, NULL, '713', '713', NULL, 59, NULL, '56331545', 'JOSE VAZQUEZ ZEPEDA', '56331545'),
(60, 'AALJ650627NA7', 'JOSE JAVIER', 'ALATORRE', 'LEON', 'AALJ650627HMCLNV06', 'INGENIERIA CIVIL', 'NICOLAS BRAVO NO. 37 COL. SAN FELIPE IXTACALA MUN. TLALNEPANTLA DE BAZ CP. 54160,MÉXICO', '5559391468', '2016-03-15', 11, 1, 0, 0, 1, '8150.70', '2000-02-16', '60', NULL, NULL, '52168', '52168', NULL, 60, NULL, '5559391468', 'GABRIEL VELASCO MATIAS', '5559391468'),
(61, 'AAMA720604KC7', 'JOSE ANTONIO', 'ABAD', 'MENA', 'AAMA720604HDFBNN09', 'ADMINISTRACION', 'CERRADA RUBI 112 LA QUERENCIA, PUNTA CAMPESTRE SAN JOSE DE LOS POCI, AGUASCALIENTES 201328', '14422658133', '2010-03-30', 12, 1, 0, 0, 1, '20449.02', '2013-02-01', '61', 'AIAC670411RI8-1-1', 'AIAC670411RI8-1-1', '66611', '66611', NULL, NULL, NULL, '14422658133', 'CARLOS AVILA ALARCON', '14422658133'),
(62, 'AAMD7901261G4', 'DARIEM BELEN', 'ÁLVAREZ', 'MARTÍNEZ', 'AAMD790126MPLLRR08', 'ARQUITECTURA', 'RINCÓN LIMONEROS 11, COL. RINCÓN ARBOLEDAS, PUEBLA, PUE. CP 72460', '4.42226E+11', '2016-03-18', 48, 1, 0, 0, 1, '30696.59', '2007-01-01', '62', 'BAEE5905219Z8-1-1', 'BAEE5905219Z8-1-1', '57776', '57776', NULL, 62, NULL, '4.42226E+11', 'EDUARDO BRAVO ESQUEDA', '4.42226E+11'),
(63, 'AAME810220NT6', 'MARIA ELISA', 'ALAMILLA', 'MUÑOZ', 'AAME810220MMCLXL05', 'ARQUITECTURA', 'MAGNOLIAS NO. 29 FRACC.JARDINES DE LAS ANIMAS XALAPA VER. CP. 91190', '4.42281E+11', '2012-03-02', 40, 1, 0, 0, 1, '20449.02', '2013-02-01', '63', 'BECJ5307172E3-1-1', 'BECJ5307172E3-1-1', '66636', '66636', NULL, NULL, NULL, '4.42281E+11', 'JUAN JESUS BERNAL COLIN', '4.42281E+11'),
(64, 'AAMG840917U85', 'GABRIEL GUSTAVO', 'ALCANTARA', 'MIJANGOS', 'AAMG840917HVZLJB02', 'ARQUITECTURA', 'C. INSTITUTO POLITECNICO NACIONAL DEPTO 8 SEGUNDA SECC. JUCHITAN DE ZARAGOZA OAXACA, OAXACA MÉXICO C.P. 70000', '9717112467', '2009-11-06', 11, 1, 0, 0, 1, '20449.02', '2013-02-01', '64', 'CAAM5212265Q3-1-1', 'CAAM5212265Q3-1-1', '66629', '66629', NULL, NULL, NULL, '9717112467', 'MARIO ESTEBAN CHAVEZ ALVARADO', '9717112467'),
(65, 'AAMH760307N2A', 'HILDA', 'APARICIO', 'MENDOZA', 'AAMH760307MDFPNL09', 'INGENIERO ARQUITECTO', 'AHUEHUETES MZA 11 LOTE 01 AHUEHUETES DISTRITO FEDERAL 07189', '53035023', '2010-03-15', 3, 1, 0, 0, 1, '30696.59', '2004-09-24', '65', 'CERO710127EX4-1-1', 'CERO710127EX4-1-1', '55109', '55109', NULL, NULL, NULL, '53035023', 'OSWALDO CERVANTES RODRIGUEZ', '53035023'),
(66, 'AAML800217DF3', 'LUIS ALBERTO', 'APARTADO', 'MANCILLA', 'AAML800217HDFPNS00', 'INGENIERIA CIVIL', 'CIPRESES MZA 14 LT 4 FRACCIONAMIENTO LA FLORESTA, LOS REYES LA PAZ, EDOMEX', '58578274', '2016-02-22', 29, 1, 0, 0, 1, '11632.00', '2004-02-01', '66', 'COCH781202EB3-1-1', 'COCH781202EB3-1-1', '55793', '55793', NULL, NULL, NULL, '58578274', 'HECTOR OCTAVIO COLIN CASTRO', '58578274'),
(67, 'AAML801027PC3', 'JOSE LUIS', 'ALVARADO', 'MUÑOZ', 'AAML801027HDFLXS01', 'LICENCIATURA EN INFORMATICA', 'CALLE 32 A 25, COL. SANTA ROSA, DELEGACION GUSTAVO A MADERO, C.P. 7620', '04455-2754-0272', '2013-03-01', 1, 1, 0, 0, 1, '14297.37', '2007-03-16', '67', 'DERK710501777-1-1', 'DERK710501777-1-1', '57991', '57991', NULL, NULL, NULL, '04455-2754-0272', 'KITZIA DELGADO DE FALCON REUS', '04455-2754-0272'),
(68, 'AAMM810820997', 'MIGUEL ANGEL', 'ARRATIA', 'MENDEZ', 'AAMM810820HDFRNG08', 'PROFESIONALES', 'CALLE CONGRESO DE LA UNION NO. 327 COL. AARON SAENZ, DEL. VENUSTIANO CARRANZA,CIUDAD DE MEXICO CP. 15870', '55528995', '2016-08-18', 2, 1, 0, 0, 1, '20449.02', '2008-03-01', '68', 'DORM630329AE2-1-1', 'DORM630329AE2-1-1', '57889', '57889', NULL, NULL, NULL, '55528995', 'MARICELA DOMINGUEZ RAMOS', '55528995'),
(69, 'AAMM931016SL8', 'MIGUEL ANGEL', 'ANDRADE', 'MALDONADO', 'AAMM931016HDFNLG03', 'BACHILLERATO', 'MIGUEL HIDALGO 621 EDIFICIO 4 422 BARRIO SAN MIGUEL DISTRITO FEDERAL CP 09360', '56127897', '2012-05-02', 8, 1, 0, 0, 1, '30696.59', '2001-03-01', '69', 'FALG410714QF0-1-1', 'FALG410714QF0-1-1', '53644', '53644', NULL, NULL, NULL, '56127897', 'GREGORIO FARIAS LONGORIA', '56127897'),
(70, 'AAMR821027DB2', 'RAFAEL IGNACIO', 'ALVAREZ', 'MEDINA', 'AAMR821027HDFLDF06', 'ARQUITECTURA', 'CALLE PORTO ALEGRE NO. 279 INT. ED ANGEL D 204 COL. SAN ANDRES TETEPILCO DEL. IZTAPALAPA EDO. CIUDAD DE MEXICO CP. 09440', '25956100', '2016-04-28', 11, 1, 0, 0, 1, '14611.06', '2004-12-01', '70', 'FOSJ640605PG9-1-1', 'FOSJ640605PG9-1-1', '56388', '56388', NULL, NULL, NULL, '25956100', 'JESUS FLORES SOTO', '25956100'),
(71, 'AANJ8202135N9', 'JORGE ALBERTO', 'APARICIO', 'NAVA', 'AANJ820213HGRPVR02', 'LICENCIATURA', 'CALLE. JOSE INOCENTE LUGO, NO. EXTERIOR 19, COL. LOS ANGELES,MUN. CHILPANCINGO DE LOS BRAVO, ESTADO GUERRERO, C.P.39040', '47127638', '2015-09-11', 39, 1, 0, 0, 1, '9917.00', '2007-01-16', '71', 'GAAP500924SK7-1-1', 'GAAP500924SK7-1-1', '57800', '57800', NULL, NULL, NULL, '47127638', 'PEDRO GARCIA ARREDONDO', '47127638'),
(72, 'AANT631215CV9', 'MARIA TERESA', 'ALVARADO', 'NAVA', 'AANT631215MMCLVR01', 'DERECHO FISCAL', 'HDA DE LA GAVIA NO. 43 COL. BOSQUES DE ECHEGARAY MUNICIPIO NAUCALPAN DE JUAREZ EDO. DE MEXICO C.P. 53310', '5545546621', '2017-03-29', 44, 1, 0, 0, 1, '14611.06', '2001-08-16', '72', 'GARJ681212NN9-1-1', 'GARJ681212NN9-1-1', '53933', '53933', NULL, 72, NULL, '5545546621', 'JAIME GUADALUPE DE LA GARZA REYNA', '5545546621'),
(73, 'AAOE840603644', 'EVELYN', 'ALVAREZ', 'OCAÑA', 'AAOE840603MTCLCV06', 'ARQUITECTURA', 'C. CUATRO EDIF. I DEPTO. 404 C.H. LOS PINOS COL. ESPEJO I, VILLAHERMOSA TABASCO MÉXICO, C.P. 86109', '9931946909', '2009-12-09', 2, 1, 0, 0, 1, '14611.06', '2003-07-16', '73', 'GASO690727IJ9-1-1', 'GASO690727IJ9-1-1', '55345', '55345', NULL, NULL, NULL, '9931946909', 'OMAR DARIO GALVEZ SILVA', '9931946909'),
(74, 'AAOJ750921NQ3', 'JOSE JOAQUIN', 'ANDRADE', 'OSUNA', 'AAOJ750921HSLNSQ07', 'INGENIERIA', 'AND. PLAYA DEL POZOLE NO.116-A U. H. INFONAVIT PLAYAS, MAZATLAN, SINALOA MÉXICO C.P. 82128', '6699849809', '2011-06-08', 60, 1, 0, 0, 1, '10083.51', '2001-04-01', '74', 'GUAJ60011483A-1-1', 'GUAJ60011483A-1-1', '53764', '53764', NULL, NULL, NULL, '6699849809', 'JUDITH GUTIERREZ AVELEYRA', '6699849809'),
(75, 'AAOJ860320GT8', 'JAIR', 'AYALA', 'ORTEGA', 'AAOJ860320HDFYRR04', 'BACHILLERATO', 'GUSTAVO DIAZ ORDAZ N° 33, COL. BARRIO NORTE DEL. ALVARO OBREGON MEXICO D.F. CP 014110', '55690633', '2009-09-21', 8, 1, 0, 0, 1, '27627.59', '2015-10-04', '75', 'GUGH6211023Q9-1-1', 'GUGH6211023Q9-1-1', '69339', '69339', NULL, NULL, NULL, '55690633', 'HECTOR HUMBERTO GUTIERREZ DE LA GARZA', '55690633'),
(76, 'AAPA880707TQ4', 'ANDREA ESTEFANIA', 'AVALOS', 'PADILLA', 'AAPA880707MMNVDN09', 'ARQUITECTURA', 'CALLE BRAVO NO. 151-A CENTRO PONIENTE SAHUAYO, MICHOACÁN', '1.83831E+11', '2014-09-05', 49, 1, 0, 0, 1, '10083.51', '2001-07-01', '76', 'GUJJ721030MMM-1-1', 'GUJJ721030MMM-1-1', '53919', '53919', NULL, NULL, NULL, '1.83831E+11', 'JAIME GUTIERREZ JONES', '1.83831E+11'),
(77, 'AAPE771030CB5', 'EUGENIO', 'ABARCA', 'PEREZ', 'AAPE771030HCSBRG04', 'LICENCIATURA', '11A CALLE PONIENTE NO. EXT. 18 COL. CENTRO, C.P.:30700 TAPACHULA, CHIAPAS', '044 961 13 66 2', '2017-11-06', 2, 1, 0, 0, 1, '12004.00', '2003-10-17', '77', 'HECE650601598-1-1', 'HECE650601598-1-1', '51755', '51755', NULL, NULL, NULL, '044 961 13 66 2', 'MARIA ESTELA HERNANDEZ CORRAL', '044 961 13 66 2'),
(78, 'AAPG7701117T2', 'GABRIELA GUILLERMINA', 'ARANA', 'PINEDA', 'AAPG770111MMCRNB08', 'PSICOPEDAGOGÍA', 'CALLE EDUARDO GONZÁLEZ Y PICHARDO 1203, COL. MORELOS, TOLUCA DE LERDO, ESTADO DE MÉXICO, 50080', '72 22140202', '2013-05-06', 31, 1, 0, 0, 1, '30696.59', '2013-01-16', '78', 'HEPE700520251-1-1', 'HEPE700520251-1-1', '66587', '66587', NULL, NULL, NULL, '72 22140202', 'EDUARDO HERNANDEZ PARDO', '72 22140202'),
(79, 'AAPJ6305121Z2', 'JUAN JOSE GUADALUPE', 'ALMAGUER', 'PEÑA', 'AAPJ630512HNLLXN00', 'ARQUITECTURA', 'CALLE RIO ECUADOR 709, COL. VILLAS DE CASA BLANCA, SAN NICOLAS DE LAS GARZA, N.L. C.P. 66470', '4.48182E+11', '2016-09-13', 2, 1, 0, 0, 1, '30696.59', '2004-09-16', '79', 'LABF620811I96-1-1', 'LABF620811I96-1-1', '56074', '56074', NULL, NULL, NULL, '4.48182E+11', 'FERNANDO ALEJANDRO LARRAZABAL BRETON', '4.48182E+11'),
(80, 'AAPJ660914J83', 'JAVIER MAURICIO', 'ALVAREZ', 'PIMENTEL', 'AAPJ660914HDFLMV06', 'INGENIERÍA EN COMPUTACIÓN', 'JACARANDAS MANZANA 1 LOTE 25 COL. LOS OLIVOS EDO. DE MÉXICO 55748', '', '2009-11-12', 1, 1, 0, 0, 1, '12004.00', '2000-03-16', '80', 'LOCX550320ER9-1-1', 'LOCX550320ER9-1-1', '52552', '52552', NULL, NULL, NULL, '', 'ANA PATRICIA LOPEZ DE LA CRUZ', ''),
(81, 'AAPJ881121HT1', 'JORGE LUIS', 'AMARO', 'DE LA PAZ', 'AAPJ881121HNLMZR00', 'CONTADURIA', 'BAHIA BLANCA 3749, BAHIA DE LA PRIMAVERA, MONTERREY, NUEVO LEÓN, 64830', '81 8259 4614', '2017-12-28', 87, 1, 0, 0, 1, '12004.00', '1998-01-01', '81', 'LOLM580330NG9-1-1', 'LOLM580330NG9-1-1', '4720', '4720', NULL, NULL, NULL, '81 8259 4614', 'MANUELA MARGARITA LOPEZ LOYA', '81 8259 4614'),
(82, 'AAPM700306IR8', 'MARTHA PATRICIA', 'ARANDA', 'PÉREZ', 'AAPM700306MDFRRR06', 'ARQUITECTURA', 'C CEIBA 26 EDIF A DEP 01 COL SANTA MARIA INSURGENTES 06430 CUAUHTÉMOC, D.F.', '5557392709', '2013-10-01', 43, 1, 0, 0, 1, '12857.35', '2002-08-16', '82', 'LOPC680304J35-1-1', 'LOPC680304J35-1-1', '53972', '53972', NULL, NULL, NULL, '5557392709', 'OSCAR EDUARDO LOPEZ PEREZ', '5557392709'),
(83, 'AAPV640327RL9', 'VICTOR HUGO', 'ÁLVAREZ', 'PERALTA', 'AAPV640327HDFLRC02', 'ARQUITECTURA', 'CALLE 16 MZA. 45 LOTE 475, COLONIA REYES DE REFORMA, DELEGACION IZTAPALAPA, DISTRITO FEDERAL, C.P. 09310', '', '2009-09-21', 2, 1, 0, 0, 1, '6000.00', '2004-05-03', '83', 'LORJ821025976-1-1', 'LORJ821025976-1-1', '55916', '55916', NULL, NULL, NULL, '', 'JUAN CARLOS LOPEZ RUIZ', ''),
(84, 'AARA660718V86', 'ARNULFO', 'ALMAZAN', 'RIVERA', 'AARA660718HGRLVR08', 'SOCIOLOGIA', 'CALLE CANCUN 32 5, SAN LORENZO TOTOLINGA, MEXICO 53426', '27000009', '2009-10-30', 11, 1, 0, 0, 1, '12004.00', '2009-08-01', '84', 'MEMA501227QI8-1-1', 'MEMA501227QI8-1-1', '63635', '63635', NULL, NULL, NULL, '27000009', 'JOSE ANTONIO MENDOZA MAYORAL', '27000009'),
(85, 'AARD840402265', 'DIANA', 'AYALA', 'ROJAS', 'AARD840402MDFYJN04', 'ADMINISTRACIÓN', 'BOSQUES DEL TESORO MZ 249 LT 12 INT 20, JARDINES DE MORELOS, ECATEPEC DE MORELOS, ESTADO DE MÉXICO, C.P. 55070', '58395520', '2013-10-22', 42, 1, 0, 0, 1, '20449.02', '2009-08-01', '85', 'PEOA701025GD1-1-1', 'PEOA701025GD1-1-1', '63628', '63628', NULL, NULL, NULL, '58395520', 'ALBERTO ANTONIO PENICHE OLIVERA', '58395520'),
(86, 'AARE730820FW3', 'ERIK', 'ALCÁNTARA', 'RUIZ', 'AARE730820HDFLZR07', 'PREPARATORIA', 'DR. CARMONA Y VALLE 60, ED. E, DPTO. 1, COL DOCTORES, CUAUHTÉMOC, DISTRITO FEDERAL, 06720', '04455 3047 3364', '2015-02-03', 8, 1, 0, 0, 1, '12004.00', '1994-04-01', '86', 'REAS700327TQ4-1-1', 'REAS700327TQ4-1-1', '1798', '1798', NULL, NULL, NULL, '04455 3047 3364', 'SANDRA REYES ALANIS', '04455 3047 3364'),
(87, 'AARE8910081K0', 'ENRIQUE', 'ANAYA', 'RODRIGUEZ', 'AARE891008HDFNDN06', 'PROFESIONAL', 'CALLE NORTE 43 NO. EDIFICIO 3 INT. 403 COL. AGRICOLA PANTITLAN DEL. IZTACALCO CIUDAD DE MEXICO CP. 08100', '57584630', '2016-04-27', 48, 1, 0, 0, 1, '14611.06', '2009-08-01', '87', 'ROAM5911111T3-1-1', 'ROAM5911111T3-1-1', '63177', '63177', NULL, NULL, NULL, '57584630', 'MARTINA INES RODRIGUEZ AGUILAR', '57584630'),
(88, 'AARG830823IX6', 'GUADALUPE ESTELA', 'AVALOS', 'RIVERA', 'AARG830823MDFVVD02', 'INGENIERIA Y ARQUITECTURA', 'CDA. PASEO DE LA UNION INTERNACIONAL 530 TORRE BEGONIA 302 DM NACIONAL DISTRITO FEDERAL DELG. GUSTAVO A.MADERO CP 07450', '55 1857 0790', '2011-08-03', 33, 1, 0, 0, 1, '14611.06', '2007-03-01', '88', 'ROHG650616KW2-1-1', 'ROHG650616KW2-1-1', '58152', '58152', NULL, NULL, NULL, '55 1857 0790', 'GRISELDA CYNTHIA ROJAS HERRERA', '55 1857 0790'),
(89, 'AARH380705D98', 'HECTOR', 'ALVAREZ', 'RAMIREZ', 'AARH380705HGRLMC04', 'INGENIERIA', 'AV.PROLG. DIVISION DEL NORTE 4418 INT. 103, COL. PRADO COAPA 1A. SECC., DELG. TLALPAN, CDMX C.P. 14350', '44', '2017-03-03', 29, 1, 0, 0, 1, '15165.00', '2003-05-06', '89', 'RUMT710630LJ6-1-1', 'RUMT710630LJ6-1-1', '55190', '55190', NULL, NULL, NULL, '44', 'TERESA RUIZ MONTES', '44'),
(90, 'AARK900326221', 'KARINA BEATRIZ', 'ALVAREZ', 'RAZO', 'AARK900326MDFLZR09', 'INGENIERIA', 'CALLE C. RIO MIRAMONTES MZ 5LT. 14, COL. PUENTE BLANCO, DELG. IZTAPALAPA, CDMX, C.P. 09770.', '44', '2017-03-03', 11, 1, 0, 0, 1, '20449.02', '2010-04-16', '90', 'SACP430815MH0-1-1', 'SACP430815MH0-1-1', '64780', '64780', NULL, NULL, NULL, '44', 'PEDRO ANDRES SANCHEZ MEJORADA CORRAL', '44'),
(91, 'AARL6505137R4', 'LEOPOLDO', 'ANAYA', 'RASCON', 'AARL650513HCHNSP05', 'INGENIERO AGRONOMO FITOTECNISTA', 'CRESENCIO NO. 253, FRACC. VILLAS DEL REY II, ENSENADA BAJA CALIFORNIA C.P. 22785', '6462160047', '2010-03-15', 3, 1, 0, 0, 1, '15189.15', '2007-02-01', '1', 'TASJ750211A63-1-1', 'TASJ750211A63-1-1', '57864', '57864', NULL, NULL, NULL, '6462160047', 'JUAN MANUEL TAFOLLA SANDOVAL', '6462160047'),
(92, 'AARN750927SP0', 'NESTOR JESUS', 'ALVAREZ', 'RUIZ', 'AARN750927HDFLZS09', 'INGENIERÍA CIVIL', 'AV. CECILIO ROBELO 568 COL. JARDIN BALBUENA DEL. VENUSTIANO CARRANZA, D.F. 15900', '4.45539E+11', '2010-01-25', 11, 1, 0, 0, 1, '20449.02', '2014-07-01', '92', 'TOAL590728SRA-1-1', 'TOAL590728SRA-1-1', '68746', '68746', NULL, NULL, NULL, '4.45539E+11', 'LUIS FRANCISCO TORRES ACEVES', '4.45539E+11'),
(93, 'AARO790816NY7', 'ORALIA LIZETH', 'ANAYA', 'RIVERA', 'AARO790816MTSNVR03', 'DERECHO', 'CALLE MIQUIHUANA 222 FRACC. INDUSTRIAL TAMAULIPAS 87018', '', '2010-03-30', 1, 1, 0, 0, 1, '30696.59', '2003-03-25', '93', 'TOOR5609088H3-1-1', 'TOOR5609088H3-1-1', '55063', '55063', NULL, NULL, NULL, '', 'RICARDO TORRES ORIGEL', ''),
(94, 'AARO850208RLA', 'OSWALDO NOE', 'ALTAMIRANO', 'RUIZ', 'AARO850208HJCLZS09', 'ARQUITECTURA', 'COND. CUMBRES MZ 22 NO. 2 LA GARITA DEPTO 7 ACAPULCO DE JUAREZ, GRO.', '7441319595', '2018-04-11', 39, 1, 0, 0, 1, '12004.00', '2015-10-01', '94', 'UIVK780812E31-1-1', 'UIVK780812E31-1-1', '69340', '69340', NULL, NULL, NULL, '7441319595', 'KARLA PAOLA URBINA VARGAS', '7441319595'),
(95, 'AASA890509UR6', 'ANA KAREN', 'AMAYA', 'SANTAMARÍA', 'AASA890509MDFMNN03', 'INGENIERIA CIVIL', 'AND. DATIL MZ. 289 3B COL. PEDREGAL DE SAN NICOLAS 1A SECCIÓN C.P. 14100 DELEGACIÓN TLALPAN', '4.45585E+11', '2017-05-22', 15, 1, 0, 0, 1, '30696.59', '2009-06-23', '95', 'VELE411205JR4-1-1', 'VELE411205JR4-1-1', '62279', '62279', NULL, NULL, NULL, '4.45585E+11', 'ERNESTO JOSE VELASCO LEON', '4.45585E+11'),
(96, 'AASH631107T5A', 'HECTOR', 'ALDAY', 'SEGURA', 'AASH631107HDFLGC00', 'LICENCIATURA', 'C EJIDO 34 COL. LAS PUERTAS 13440 TLÁHUAC DF.', '5590-1151', '2012-08-03', 70, 1, 0, 0, 1, '30696.59', '2014-06-04', '96', 'VEVM5304059Y9-1-1', 'VEVM5304059Y9-1-1', '68672', '68672', NULL, NULL, NULL, '5590-1151', 'MIGUEL ANGEL VEGA VARGAS', '5590-1151'),
(97, 'AASL9104143X0', 'LEONEL', 'ALTAMIRANO', 'SIBAJA', 'AASL910414HOCLBN01', 'LICENCIATURA', 'CALLE INFONAVIT 1RO DE MAYO NO. EXT. 30 C.P.: 68020 COL. 2DA ETAPA INFONAVIT 1RO DE MAYO OAXACA DE JUAREZ, OAXACA', '9511919838', '2018-05-25', 2, 1, 0, 0, 1, '9207.00', '1972-10-06', '97', 'LOVA520616FH2-1-2', 'LOVA520616FH2-1-2', '31626', '31626', NULL, NULL, NULL, '9511919838', 'AURELIA LOPEZ VAZQUEZ', '9511919838'),
(98, 'AASM590121KY6', 'MARIA MAGDALENA', 'ALFARO', 'SANTOS', 'AASM590121MCSLNG00', 'BACHILLERATO', 'AV. CENTRAL PONIENTE 554, BARRIO PEMEX ARRIAGA, CHIAPAS MÉXICO, C.P. 30450', '966 66 24151', '2012-03-12', 31, 1, 0, 0, 1, '6934.52', '1990-12-18', '98', 'LODC711005LG5-1-3', 'LODC711005LG5-1-3', '22981', '22981', NULL, NULL, NULL, '966 66 24151', 'CLAUDIA ELIZABET LOPEZ DELGADO', '966 66 24151'),
(99, 'AASP741217FB2', 'PETRONA ADRIANA', 'ALFARO', 'SANTOS', 'AASP741217MCSLNT08', 'TECNICO EN CONTABILIDAD Y ADMINISTRACION', 'AV. 4A. NO. 30 BARRIO GUADALUPE, ARRIAGA, CHIAPAS MÉXICO C.P. 30450', '96666241521', '2009-09-21', 8, 1, 0, 0, 1, '6863.02', '1974-08-01', '99', 'MEVM520615LS7-1-3', 'MEVM520615LS7-1-3', '70343', '70343', NULL, NULL, NULL, '96666241521', 'MARICELA ELVA MENDOZA VELAZQUEZ', '96666241521'),
(100, 'AASR560706EQ5', 'ROGELIO', 'ALVAREZ', 'SOTO', 'AASR560706HDFLTG07', 'MAESTRIA EN ADMINISTRACION PUBLICA', 'RANCHO COSOLAPA 93 COL. RESIDENCIAL CAMPESTRE COYOACAN', '', '2009-09-22', 3, 1, 0, 0, 1, '7952.97', '1986-05-19', '100', 'LALV610702JP1-1-13', 'LALV610702JP1-1-13', '5175', '5175', NULL, NULL, NULL, '', 'VILMA LARA LOPEZ', ''),
(101, 'AASR560706QE5', 'ROGELIO', 'ALVAREZ', 'SOTO', 'AASR560706HDFLTG07', 'MAESTRIA EN ADMINISTRACION PUBLICA,INGENIERO TOPOGRAFO Y GEODESTA, PROFESIONAL INMOBILIARIO CERTIFIC', 'RANCHO COSOLAPA 93 COL. RESIDENCIAL CAMPESTRE COYOACAN', '', '2009-09-22', 7, 1, 0, 0, 1, '7952.97', '1990-01-18', '101', 'SAGJ620629PW7-1-13', 'SAGJ620629PW7-1-13', '11644', '11644', NULL, NULL, NULL, '', 'MA DE JESUS SANCHEZ GARCIA', ''),
(102, 'AASV6812211Z7', 'VICENTE', 'ALARCON', 'SEVERIANO', 'AASV681221HGRLVC00', 'MAESTRIA', 'AVENIDA REFORMA NO. 2060, COL. MORELOS, ACAPULCO DE JUÁREZ, GUERRERO.', '7444490912', '2014-09-25', 69, 1, 0, 0, 1, '6900.66', '1991-03-04', '102', 'CAZD630510ED7-1-19', 'CAZD630510ED7-1-19', '2376', '2376', NULL, 102, NULL, '7444490912', 'DORA MARIA CABALLERO ZAZUETA', '7444490912'),
(103, 'AAVA840216AX1', 'AIDA YADIRA', 'ANAYA', 'VAZQUEZ', 'AAVA840216MSRNZD03', 'LICENCIATURA EN ARQUITECTURA', 'JUSTO SIERRA 55 MODELO HERMOSILLO SONORA 83190', '', '2009-11-06', 11, 1, 0, 0, 1, '8303.21', '1983-07-19', '103', 'JAMD581109LC6-1-29', 'JAMD581109LC6-1-29', '95115', '95115', NULL, 103, NULL, '', 'JOSE DAMIAN JASSO MARTINEZ', ''),
(104, 'AAVM740430SU6', 'MIGUEL ÁNGEL', 'ALDAMA', 'VILLAMARES', 'AAVM740430HMCLLG05', 'LICENCIATURA', 'AV. 5 DE MAYO NO. 1307 COL. CENTRO CAPULHUAC, EDO. DE MÉXICO C.P. 52700', '4.57131E+11', '2009-09-21', 29, 1, 0, 0, 1, '9207.00', '1973-07-01', '104', 'FAVR460606CJ1-1-38', 'FAVR460606CJ1-1-38', '56645', '56645', NULL, NULL, NULL, '4.57131E+11', 'RAFAEL FARRERA VAZQUEZ', '4.57131E+11'),
(105, 'AAVT760613D49', 'MARIA DEL TEPEYAC', 'ALMADA', 'VILCHEZ', 'AAVT760613MSRLLP05', 'SISTEMAS COMPUTACIONALES', 'CÓDIGO AGRARIO 700 PTE. COL. JIQUILPAN, CP. 81220, LOS MOCHIS, SIN.', '6681092496', '2017-01-30', 40, 1, 0, 0, 1, '8843.00', '1972-09-18', '105', 'MAGR470928HQ0-1-38', 'MAGR470928HQ0-1-38', '56444', '56444', NULL, NULL, NULL, '6681092496', 'REYNERIA MACIAS GARCIA', '6681092496'),
(106, 'AAZH790627NP9', 'HORACIO', 'AMAYA', 'ZENTENO', 'AAZH790627HOCMNR06', 'INGENIERIA CIVIL', 'C. TEPALCATES MZ. 4 LT. 10 FRACC. EL RETIRO 3A. ETAPA, SEC. CAÑADA, SANTA MARIA DE TULE, OAXACA MÉXICO, C.P.68297', '9515181673', '2009-09-21', 1, 1, 0, 0, 1, '7952.97', '1974-05-01', '106', 'TOTA500709GQ8-1-38', 'TOTA500709GQ8-1-38', '56758', '56758', NULL, 106, NULL, '9515181673', 'MARIA ANTONIA TORRES TOLEDO', '9515181673'),
(107, 'ABCD123456123', 'UNO', 'DOS', 'TRES', 'ABCD12345612345678', 'INGENIERIA', 'AV UNO NO2', '55 1234 5678', '2013-10-28', 36, 1, 0, 0, 1, '7993.46', '1990-08-20', '107', 'AIRL620711NZ7-1-39', 'AIRL620711NZ7-1-39', '6563', '6563', NULL, NULL, NULL, '55 1234 5678', 'LUCIA G ARCHILA RAMIREZ', '55 1234 5678'),
(108, 'ABCD123456EFG', 'PERSONA FISICA', 'XXXX', 'XXXX', 'ABCD123456EFGHIJ78', 'CONSTRUCCIÓN', 'MEXICO, D.F.', '55 5555 5555', '2013-06-11', 8, 1, 0, 0, 1, '6900.66', '1973-02-01', '108', 'COFG521224H75-1-39', 'COFG521224H75-1-39', '62818', '62818', NULL, 108, NULL, '55 5555 5555', 'GLORIA DE JESUS COUTI&O FONSECA', '55 5555 5555'),
(109, 'ACOO130312A60', 'ATEMPO,', 'CONSULTORES', 'S.A. DE C.V.', 'ACOO13031212345678', 'INGENIERIA', 'AV. SANTA LUCIA 1079,INT. 101, COLINAS DEL SUR, ALVARO OBREGÓN, MÉXICO D.F., 01430', '55 5637 4725', '2014-05-30', 41, 1, 0, 0, 1, '6915.81', '1996-01-18', '109', 'NASG670325J92-1-39', 'NASG670325J92-1-39', '37586', '37586', NULL, NULL, NULL, '55 5637 4725', 'GLORIA NAVARRO SELVAS', '55 5637 4725'),
(110, 'AEAF710724279', 'FERNANDO', 'AVENDAÑO', 'AMAYA', 'AEAF710724HDFVMR04', 'INGENIERO ARQUITECTO', 'CALLE LA FAMA NO. 36, COL. INDUSTRIAL, GUSTAVOA MADERO, MEXICO.D.F. C.P. 07800', '57594522', '2010-03-17', 55, 1, 0, 0, 1, '7993.46', '1989-07-18', '110', 'POMM5405213H1-1-39', 'POMM5405213H1-1-39', '32997', '32997', NULL, 110, NULL, '57594522', 'MOXEL POLA MORALES', '57594522'),
(111, 'AEAV820114KMA', 'VERONICA', 'ANGELES', 'AVILES', 'AEAV820114MHGNVR09', 'LICENCIATURA', 'CALLE EMILIANO ZAPATA NO. EXT. 12 COL. CENTRO, MUNICIPIO EL ARENAL C.P.: 42680, HIDALGO', '727-3728', '2017-11-03', 2, 1, 0, 0, 1, '7993.46', '1973-10-01', '111', 'GAGS470626LB4-1-43', 'GAGS470626LB4-1-43', '56684', '56684', NULL, NULL, NULL, '727-3728', 'SAMUEL GARCIA GONZALEZ', '727-3728'),
(112, 'AEAY890908NT5', 'YESENIA', 'ALEJANDRO', 'ALVARADO', 'AEAY890908MGRLLS05', 'ARQUITECTURA', 'FRANCISCO I MADERO 21, COL. 20 DE NOVIEMBRE, ACAPULCO DE JUAREZ GUERRERO CP 39660', '74445068037', '2018-02-02', 2, 1, 0, 0, 1, '8778.23', '1973-02-01', '112', 'MOCA541209IP0-1-43', 'MOCA541209IP0-1-43', '56518', '56518', NULL, 112, NULL, '74445068037', 'JOSE ANTONIO MOLINA CANO', '74445068037'),
(113, 'AEBE831027HF0', 'ELVIRA GUADALUPE', 'ARELLANO', 'BAEZ', 'AEBE831027MASRZL03', 'DERECHO', 'PROLONGACIÓN LIBERTAD No. 1725, FRACCIONAMIENTO LAS ARBOLEDAS, AGUASCALIENTES, AGUASCALIENTES, C.P. 20020', '', '2009-09-21', 1, 1, 0, 0, 1, '6900.66', '1991-01-16', '113', 'MOCG710222P93-1-43', 'MOCG710222P93-1-43', '24636', '24636', NULL, 113, NULL, '', 'GUSTAVO ENRIQUE MOLINA CANO', ''),
(114, 'AEBJ860815N33', 'JUAN MANUEL', 'AZPEITIA', 'BLANCO', 'AEBJ860815HHGZLN12', 'ARQUITECTURA', 'XICOTENCATL NO.34 COL. OBRERA, ACTOPAN, HIDALGO, MÉXICO C.P. 42500', '7721325220', '2012-08-17', 2, 1, 0, 0, 1, '7952.97', '1985-09-03', '114', 'MOVI6111272E0-1-43', 'MOVI6111272E0-1-43', '94993', '94993', NULL, NULL, NULL, '7721325220', 'IRMA NOEMI MOLINA VAZQUEZ', '7721325220'),
(115, 'AEBP761026DZ4', 'MARIA DEL PILAR', 'ARREOLA', 'BARBARA', 'AEBP761026MDFRRL02', 'PROGRAMACION', 'AZALEA 154 EL TORO DEL MAGDALENA CONTRERAS DF CP 10610', '150164404', '2012-02-28', 45, 1, 0, 0, 1, '7952.97', '1974-07-16', '115', 'PIRE5206073I5-1-43', 'PIRE5206073I5-1-43', '7157', '7157', NULL, NULL, NULL, '150164404', 'EDALY PINTO ROBLES', '150164404');

-- --------------------------------------------------------

--
-- Estructura de tabla para la tabla `cat_centrotrabajo`
--

DROP TABLE IF EXISTS `cat_centrotrabajo`;
CREATE TABLE `cat_centrotrabajo` (
  `id_centrotrabajo` int(11) NOT NULL,
  `cve_centro` varchar(10) COLLATE utf8_spanish_ci NOT NULL,
  `area` varchar(150) COLLATE utf8_spanish_ci NOT NULL,
  `tipo` varchar(16) COLLATE utf8_spanish_ci DEFAULT NULL,
  `activo` tinyint(4) DEFAULT NULL
) ENGINE=InnoDB DEFAULT CHARSET=utf8 COLLATE=utf8_spanish_ci;

--
-- Volcado de datos para la tabla `cat_centrotrabajo`
--

INSERT INTO `cat_centrotrabajo` (`id_centrotrabajo`, `cve_centro`, `area`, `tipo`, `activo`) VALUES
(1, '50000000', 'DIRECCION GENERAL', 'Administración', 1),
(2, '50530000', 'SECRETARIA PARTICULAR', 'Administración', 1),
(3, '50540000', 'GERENCIA DE ASUNTOS JURIDICOS', 'Administración', 1),
(4, '53000000', 'DIRECCION DE INFRAESTRUCTURA', 'Administración', 1),
(5, '53010000', 'GERENCIA DE NORMATIVIDAD E INVESTIGACION', 'Administración', 1),
(6, '53020000', 'GERENCIA DE PROYECTOS', 'Administración', 1),
(7, '53030000', 'GERENCIA DE CONSTRUCCION Y SUPERVISION DE OBRA', 'Administración', 1),
(8, '53040000', 'GERENCIA DE CERTIFICACION,  DIAGNOSTICO Y EVALUACION', 'Administración', 1),
(9, '54000000', 'COORDINACION TECNICA', 'Administración', 1),
(10, '54010000', 'GERENCIA DE PLANEACION Y PROGRAMACION', 'Administración', 1),
(11, '54020000', 'GERENCIA DE RELACIONES INTERINSTITUCIONALES', 'Administración', 1),
(12, '54030000', 'GERENCIA DEL SISTEMA NACIONAL DE INFORMACION', 'Administración', 1),
(13, '55000000', 'DIRECCION DE ADMINISTRACION', 'Administración', 1),
(14, '55020000', 'GERENCIA DE FINANZAS', 'Administración', 1),
(15, '55010000', 'GERENCIA DE RECURSOS HUMANOS', 'Administración', 1),
(16, '55030000', 'GERENCIA DE RECURSOS MATERIALES Y SERVICIOS GENERALES', 'Administración', 1),
(17, '55040000', 'SUBGERENCIA DE INFORMATICA', 'Administración', 1),
(18, '50500000', 'ORGANO INTERNO DE CONTROL', 'Administración', 1),
(19, '00000000', 'SINDICATO', 'Administración', 1),
(20, '52030000', 'GERENCIA DE RECURSOS MATERIALES Y SERVICIOS GENERALES', 'Administración', 1);

-- --------------------------------------------------------

--
-- Estructura de tabla para la tabla `cat_conceptos`
--

DROP TABLE IF EXISTS `cat_conceptos`;
CREATE TABLE `cat_conceptos` (
  `id_concepto` int(11) NOT NULL COMMENT 'Identificador único de control',
  `tipo` char(1) COLLATE utf8_bin NOT NULL COMMENT 'Dominio {P,D} P=Percepción D=Deducción',
  `clave` char(3) COLLATE utf8_bin NOT NULL COMMENT 'Valor real identificado por el usuario, Alfanumérico no mayor a tres posiciones, no es necesario rellenar con ceros',
  `descripcion` varchar(80) COLLATE utf8_bin NOT NULL,
  `activo` tinyint(4) NOT NULL DEFAULT 1 COMMENT 'Dominio {0,1} 0=Inactivo, 1=Activo'
) ENGINE=InnoDB DEFAULT CHARSET=utf8 COLLATE=utf8_bin COMMENT='Catalogo de conceptos de movimientos Percepción / Deducción para Nomina ';

--
-- Volcado de datos para la tabla `cat_conceptos`
--

INSERT INTO `cat_conceptos` (`id_concepto`, `tipo`, `clave`, `descripcion`, `activo`) VALUES
(1, 'P', '06', 'COMPENSACION GARANTIZADA', 1),
(2, 'P', '07', 'SUELDOS COMPACTADOS', 1),
(3, 'P', '38', 'AYUDA DE DESPENSA', 1),
(4, 'P', '43', 'GUARDERIA', 1),
(5, 'P', '44', 'PREVISION SOCIAL MULTIPLE', 1),
(6, 'P', '46', 'ASGN. SERV. ESP.', 1),
(7, 'P', '47', 'APORT. F. AHORRO INIFED APARTADO A', 1),
(8, 'P', '68', 'AÑOS DE SERVICIO', 1),
(9, 'P', '77', 'COMPENSACION POR  DESARROLLO Y CAPACITACION', 1),
(10, 'P', '95', 'AYUDA DE TRANSPORTE', 1),
(11, 'P', 'A1', 'QUINQUENIO POR 5 AÑOS DE SERVICIO', 1),
(12, 'P', 'A2', 'QUINQUENIO POR 10 AÑOS DE SERVICIO', 1),
(13, 'P', 'A3', 'QUINQUENIO POR 15 AÑOS DE SERVICIO', 1),
(14, 'P', 'A4', 'QUINQUENIO POR 20 AÑOS DE SERVICIO', 1),
(15, 'P', 'A5', 'QUINQUENIO POR 25 AÑOS DE SERVICIO', 1),
(16, 'P', 'DS', 'BECAS PARA TRABAJADORES Y/O SUS HIJOS', 1),
(17, 'D', '1', 'sd', 1),
(18, 'D', '80', 'afsdssa', 1);

-- --------------------------------------------------------

--
-- Estructura de tabla para la tabla `cat_estados`
--

DROP TABLE IF EXISTS `cat_estados`;
CREATE TABLE `cat_estados` (
  `id_estado` int(11) NOT NULL,
  `estado` varchar(31) DEFAULT NULL,
  `abreviacion` varchar(5) DEFAULT NULL
) ENGINE=MyISAM DEFAULT CHARSET=utf8;

--
-- Volcado de datos para la tabla `cat_estados`
--

INSERT INTO `cat_estados` (`id_estado`, `estado`, `abreviacion`) VALUES
(1, 'AGUASCALIENTES', 'AGS'),
(2, 'BAJA CALIFORNIA', 'BC'),
(3, 'BAJA CALIFORNIA SUR', 'BCS'),
(4, 'CAMPECHE', 'CAMP'),
(5, 'COAHUILA DE ZARAGOZA', 'COAH'),
(6, 'COLIMA', 'COL'),
(7, 'CHIAPAS', 'CHIS'),
(8, 'CHIHUAHUA', 'CHIH'),
(9, 'CIUDAD DE MÉXICO', 'CDMX'),
(10, 'DURANGO', 'DGO'),
(11, 'GUANAJUATO', 'GTO'),
(12, 'GUERRERO', 'GRO'),
(13, 'HIDALGO', 'HGO'),
(14, 'JALISCO', 'JAL'),
(15, 'ESTADO DE MÉXICO', 'MEX'),
(16, 'MICHOACÁN DE OCAMPO', 'MICH'),
(17, 'MORELOS', 'MOR'),
(18, 'NAYARIT', 'NAY'),
(19, 'NUEVO LEÓN', 'NL'),
(20, 'OAXACA', 'OAX'),
(21, 'PUEBLA', 'PUE'),
(22, 'QUERÉTARO ARTEAGA', 'QRO'),
(23, 'QUINTANA ROO', 'Q ROO'),
(24, 'SAN LUIS POTOSÍ', 'SLP'),
(25, 'SINALOA', 'SIN'),
(26, 'SONORA', 'SON'),
(27, 'TABASCO', 'TAB'),
(28, 'TAMAULIPAS', 'TAMPS'),
(29, 'TLAXCALA', 'TLAX'),
(30, 'VERACRUZ DE IGNACIO DE LA LLAVE', 'VER'),
(31, 'YUCATÁN', 'YUC'),
(32, 'ZACATECAS', 'ZAC'),
(0, 'INIFED', 'INIFE');

-- --------------------------------------------------------

--
-- Estructura de tabla para la tabla `cat_puesto`
--

DROP TABLE IF EXISTS `cat_puesto`;
CREATE TABLE `cat_puesto` (
  `id_puesto` int(3) NOT NULL,
  `desc_puesto` varchar(75) COLLATE utf8_spanish_ci DEFAULT NULL,
  `tipo_puesto` varchar(1) COLLATE utf8_spanish_ci DEFAULT NULL,
  `cve_alta` int(1) DEFAULT NULL,
  `cve_shcp` varchar(8) COLLATE utf8_spanish_ci DEFAULT NULL,
  `cvesecodam` varchar(5) COLLATE utf8_spanish_ci DEFAULT NULL,
  `nivel` varchar(2) COLLATE utf8_spanish_ci DEFAULT NULL,
  `nivel_viat` int(1) DEFAULT NULL,
  `p_estrategico` int(2) DEFAULT NULL,
  `responsable` int(1) DEFAULT NULL,
  `t_funcionp` int(1) DEFAULT NULL
) ENGINE=MyISAM DEFAULT CHARSET=utf8 COLLATE=utf8_spanish_ci;

--
-- Volcado de datos para la tabla `cat_puesto`
--

INSERT INTO `cat_puesto` (`id_puesto`, `desc_puesto`, `tipo_puesto`, `cve_alta`, `cve_shcp`, `cvesecodam`, `nivel`, `nivel_viat`, `p_estrategico`, `responsable`, `t_funcionp`) VALUES
(1, 'DIRECTOR GENERAL', 'S', 1, '', 'P0101', '98', 1, 8, 0, 0),
(2, 'SUBDIRECTOR TECNICO', 'S', 1, 'LB3', 'P0201', '98', 2, 1, NULL, NULL),
(3, 'SUBDIRECTOR ADMINISTRATIVO', 'S', 1, 'LB3', 'P0201', '98', 2, 4, NULL, NULL),
(4, 'CONTRALOR INTERNO', 'S', 1, 'LB3', 'P0201', '98', 2, 18, NULL, NULL),
(5, 'TITULAR DEL AREA DE AUDIT PARA EL DESARROLLO Y MEJORA DE LA GEST PUBLICA', 'S', 1, 'M32', 'P0202', '', 4, 25, NULL, 2),
(6, 'SUBCONTRALOR', 'S', 1, 'M32', 'P0202', '99', 4, 13, NULL, NULL),
(7, 'SUBGERENTE DE CONTABILIDAD Y REGISTRO', 'M', 1, 'N31', 'P0501', '99', 5, 1, NULL, NULL),
(8, 'GERENTE DE RELACIONES INTER INSTITUCIONALES', 'S', 1, 'M23', 'P0202', '99', 4, 13, NULL, NULL),
(9, 'COORDINADOR DE RECLUTAMIENTO Y SELECCIÓN', 'M', 1, 'O32', 'P0503', '99', 6, 1, NULL, NULL),
(10, 'COORDINADOR TECNICO', 'S', 1, 'M33', 'P0201', '99', 4, 13, NULL, NULL),
(11, 'COORD CONTRALORIA', 'M', 1, 'N31', 'P0501', '99', 5, 1, NULL, NULL),
(13, 'TITULAR DEL ORGANO INTERNO DE CONTROL', 'S', 1, 'LB3', 'P0201', '', 2, 18, NULL, 2),
(14, 'SECRETARIO PARTICULAR DEL DIRECTOR GENERAL', 'S', 1, 'M23', 'P0202', '99', 4, 13, NULL, NULL),
(15, 'SUBGERENTE DE ENLACE INTER INSTITUCIONAL', 'M', 1, 'N21', 'PO501', '99', 3, 1, NULL, NULL),
(16, 'GERENTE DEL SISTEMA DE INFORMACION', 'S', 1, 'M23', 'P0202', '99', 4, 13, NULL, NULL),
(17, 'SECRETARIO PARTICULAR DEL DIRECTOR GENERAL', 'M', 1, 'N31', 'P0501', '99', 5, 13, NULL, NULL),
(18, 'TITULAR DEL AREA DE QUEJAS', 'M', 1, 'M33', 'P0202', '', 4, 26, NULL, 2),
(19, 'TITULAR DEL AREA DE AUDITORIA INTERNA', 'S', 1, 'M33', 'P0202', '', 4, 24, NULL, 2),
(20, 'SUPERVISOR DE SEGUIMIENTO', 'M', 1, 'N31', 'PO501', '', 5, 1, NULL, 2),
(21, 'SUPERVISOR DE INTERVENCIONES DE CONTROL', 'M', 1, 'N31', 'PO501', '', 5, 1, NULL, 2),
(22, 'SUPERVISOR DE AUDITORIA', 'M', 1, 'N31', 'PO501', '', 5, 1, NULL, 2),
(23, 'SUPERVISOR DE RESPONSABILIDADES', 'M', 1, 'N31', 'PO501', '', 5, 1, NULL, 2),
(24, 'SUPERVISOR DE QUEJAS Y DENUNCIAS', 'M', 1, 'N31', 'PO501', '', 5, 1, NULL, 2),
(25, 'COORDINADOR DE AUDITORIA', 'M', 1, 'O32', 'P0503', '', 6, 1, NULL, 2),
(26, 'COORDINADOR DE AUDITORIA', 'M', 1, 'O32', 'P0503', '', 6, 1, NULL, 2),
(27, 'COORDINADOR DE SEGUIMIENTO', 'M', 1, 'O32', 'P0503', '', 6, 1, NULL, 2),
(28, 'SUBGERENTE DE GESTION INTERINST Y DIFUSION', 'M', 1, 'N31', 'P0501', '99', 5, 1, NULL, NULL),
(29, 'COORDINADOR DE JUNTAS DE GOBIERNO', 'M', 1, 'O32', 'P0503', '99', 6, 1, NULL, NULL),
(30, 'COORDINADOR DE SEGUIMIENTO INSTITUCIONAL', 'M', 1, 'O32', 'P0503', '99', 6, 1, NULL, NULL),
(31, 'TITULAR DEL AREA DE RESPONSABILIDADES', 'M', 1, 'M32', 'P0202', '', 4, 13, NULL, NULL),
(32, 'SUBGERENTE DE LO CONTENCIOSO', 'M', 1, 'N31', 'P0501', '', 5, 1, NULL, NULL),
(33, 'SUBGERENTE DE LO ADMINISTRATIVO', 'M', 1, 'N31', 'P0501', '99', 5, 1, NULL, NULL),
(34, 'GERENTE DE CALIDAD FORMACION Y CERTIFICACION', 'S', 1, 'M32', 'P0202', '99', 4, 13, NULL, NULL),
(35, 'SUBGERENTE DE PARTICIPACION SOCIAL', 'M', 1, 'NB3', 'P0501', '99', 5, 1, NULL, NULL),
(36, 'SUBGERENTE DE CALIDAD', 'M', 1, 'NB3', 'P0501', '99', 5, 1, NULL, NULL),
(37, 'SUBGERENTE DE ACTUALIZACION TECNICA', 'M', 1, 'NB3', 'P0501', '99', 5, 1, NULL, NULL),
(38, 'COORDINADOR DE GESTION DE CALIDAD', 'M', 1, 'OB3', 'P0503', '99', 6, 1, NULL, NULL),
(39, 'COORDINADOR DE IMPLEMENTACION DE PROGRAMAS', 'M', 1, 'OB3', 'P0503', '99', 6, 1, NULL, NULL),
(40, 'COORDINADOR DE EVALUACION Y CERTIFICACION', 'M', 1, 'OB3', 'P0503', '99', 6, 1, NULL, NULL),
(41, 'COORDINADOR DE VINCULACION', 'M', 1, 'OB3', 'P0503', '99', 6, 1, NULL, NULL),
(42, 'COORDINADOR DE GESTION SOCIAL', 'M', 1, 'OB3', 'P0503', '99', 6, 1, NULL, NULL),
(43, 'COORDINADOR DISEÑO DE PROGRAMAS', 'M', 1, 'OB3', 'P0503', '99', 6, 1, NULL, NULL),
(44, 'COORDINADOR DE MODELOS DIDACTICOS', 'M', 1, 'OB3', 'P0503', '99', 6, 1, NULL, NULL),
(45, 'COORDINADOR DE INNOVACION', 'M', 1, 'OB3', 'P0503', '99', 6, 1, NULL, NULL),
(46, 'GERENTE DE CONSTRUCCION Y SUPEVISION DE OBRA', 'S', 1, 'MC2', 'P0202', '99', 4, 13, NULL, NULL),
(47, 'SUBGERENTE DE COSTOS Y PRESUPUESTOS', 'M', 1, 'NB3', 'P0501', '99', 5, 1, NULL, NULL),
(48, 'COORDINADOR DE PROYECTOS DE INSTALACION', 'M', 1, 'OB3', 'P0503', '99', 6, 1, NULL, NULL),
(49, 'COORDINADOR DE PROYECTOS DE OBRA', 'M', 1, 'OB3', 'P0503', '99', 6, 1, NULL, NULL),
(50, 'GERENTE DE FINANZAS', 'S', 1, 'MC2', 'P0202', '99', 4, 13, NULL, NULL),
(51, 'SUBGERENTE DE FINANZAS Y CONTROL PRESUPUESTAL', 'M', 1, 'NB3', 'P0501', '99', 5, 1, NULL, NULL),
(52, 'DIRECTOR DE PLANEACION', 'S', 1, 'LB3', 'P0201', '98', 2, 1, NULL, NULL),
(53, 'COORDINADOR DE CONTROL SUPERV Y REGISTRO CONTABLE', 'M', 1, 'OB3', 'P0503', '99', 6, 1, NULL, NULL),
(54, 'COORDINADOR DE CONTROL PRESUPUESTAL', 'M', 1, 'OB3', 'P0503', '99', 6, 1, NULL, NULL),
(55, 'COORDINADOR DE ANALISIS Y TESORERIA', 'M', 1, 'OB3', 'P0503', '99', 6, 1, NULL, NULL),
(56, 'GERENTE DE PROGRAMACION Y EVALUACION TECNICA', 'S', 1, 'MC2', 'P0202', '99', 4, 13, NULL, NULL),
(57, 'SUBGERENTE DE PROGRAMACION Y SEGUIMIENTO DE OBRAS', 'M', 1, 'NB3', 'P0501', '99', 5, 1, NULL, NULL),
(58, 'SUBGERENTE DE SUPERVISION Y EVALUACION TECNICA', 'M', 1, 'NB3', 'P0501', '99', 5, 1, NULL, NULL),
(59, 'SUBGERENTE DE DIAGNOSTICO DE LA IFE', 'M', 1, 'NB3', 'P0501', '99', 5, 1, NULL, NULL),
(60, 'COORDINADOR DE PROGRAMACION Y ANALISIS', 'M', 1, 'OB3', 'P0503', '99', 6, 1, NULL, NULL),
(61, 'COORDINADOR DE COSTOS Y PRESUPUESTOS', 'M', 1, 'OB3', 'P0503', '99', 6, 1, NULL, NULL),
(62, 'COORDINADOR DE SEGUIMIENTO DE LA REGION SUR', 'M', 1, 'OB3', 'P0503', '99', 6, 1, NULL, NULL),
(63, 'COORDINADOR DE SUPERVISION DE OBRA', 'M', 1, 'OB3', 'P0503', '99', 6, 1, NULL, NULL),
(64, 'COORDINACIÓN DE DIAGNOSTICO', 'M', 1, 'OB3', 'P0503', '99', 6, 1, NULL, NULL),
(65, 'COORDINADOR DE PROGRAMACION DE OBRAS', 'M', 1, 'OB3', 'P0503', '99', 6, 1, NULL, NULL),
(66, 'COORDINADOR DE CONTROL TECNICO', 'M', 1, 'OB3', 'P0503', '99', 6, 1, NULL, NULL),
(67, 'COORDINADOR DE EVALUACION Y VALIDACION TECNICA', 'M', 1, 'OB3', 'P0503', '99', 6, 1, NULL, NULL),
(68, 'COORDINADOR DE INVESTIGACION DE CAMPO', 'M', 1, 'OB3', 'P0503', '99', 6, 1, NULL, NULL),
(69, 'COORDINADOR DE SEGUIMIENTO DE LA REGION NORTE', 'M', 1, 'OB3', 'P0503', '99', 6, 1, NULL, NULL),
(70, 'GERENTE DE PROYECTOS', 'S', 1, 'MC2', 'P0202', '99', 4, 13, NULL, NULL),
(71, 'SUBGERENTE DE ARQUITECTURA', 'M', 1, 'NB3', 'P0501', '99', 5, 1, NULL, NULL),
(72, 'SUBGERENTE DE INGENIERIA', 'M', 1, 'NB3', 'P0501', '99', 5, 1, NULL, NULL),
(73, 'SUBGERENTE DE DISEÑO Y EQUIPAMIENTO', 'M', 1, 'NB3', 'P0501', '99', 5, 1, NULL, NULL),
(74, 'COORDINADOR DE MODELOS ARQUITECTONICOS', 'M', 1, 'OB3', 'P0503', '99', 6, 1, NULL, NULL),
(75, 'COORDINADOR DE DISEÑO', 'M', 1, 'OB3', 'P0503', '99', 6, 1, NULL, NULL),
(76, 'COORDINADOR DE PROYECTOS ESPECIALES', 'M', 1, 'OB3', 'P0503', '99', 6, 1, NULL, NULL),
(77, 'COORDINADOR DE INSTALACIONES ELECTRICAS', 'M', 1, 'OB3', 'P0503', '99', 6, 1, NULL, NULL),
(78, 'COORDINADOR DE INSTALACIONES HIDRAULICAS', 'M', 1, 'OB3', 'P0503', '99', 6, 1, NULL, NULL),
(79, 'COORDINADOR DE EQUIPAMIENTO', 'M', 1, 'OB3', 'P0503', '99', 6, 1, NULL, NULL),
(80, 'COORDINADOR DE ESTRUCTURAS', 'M', 1, 'OB3', 'P0503', '99', 6, 1, NULL, NULL),
(81, 'COORDINADOR DE INSTALACIONES DE AIRE ACONDICIONADO', 'M', 1, 'OB3', 'P0503', '99', 6, 1, NULL, NULL),
(82, 'COORDINADOR DE NORMATIVIDAD TECNICA', 'M', 1, 'OB3', 'P0503', '99', 6, 1, NULL, NULL),
(83, 'GERENTE DE RECURSOS HUMANOS', 'S', 1, 'MC2', 'P0202', '99', 4, 9, NULL, NULL),
(84, 'SUBGERENTE DE INFORMATICA', 'M', 1, 'NB3', 'P0501', '99', 5, 1, NULL, NULL),
(85, 'SUBGERENTE DE PERSONAL', 'M', 1, 'NB3', 'P0501', '99', 5, 1, NULL, NULL),
(86, 'SUBGERENTE DE DESARROLLO ORGANIZACIONAL', 'M', 1, 'NB3', 'P0501', '99', 5, 1, NULL, NULL),
(87, 'COORDINADOR DE SISTEMAS SOPORTE TECNICO Y REDES', 'M', 1, 'OB3', 'P0503', '99', 6, 1, NULL, NULL),
(88, 'COORDINADOR DE NOMINAS', 'M', 1, 'OB3', 'P0503', '99', 6, 1, NULL, NULL),
(89, 'COORDINADOR DE CAPACITACION', 'M', 1, 'OB3', 'P0503', '99', 6, 1, NULL, NULL),
(90, 'COORDINADOR DE RELACIONES LABORALES Y PRESTACIONES', 'M', 1, 'OB3', 'P0503', '99', 6, 1, NULL, NULL),
(92, 'GERENTE DE RECURSOS MATERIALES', 'S', 1, 'MC2', 'P0202', '99', 4, 13, NULL, NULL),
(93, 'COORDINADOR DE ADQUISICIONES', 'M', 1, 'OB3', 'P0503', '99', 6, 1, NULL, NULL),
(94, 'COORDINADOR DE SERVICIOS GENERALES Y ACTIVO FIJO', 'M', 1, 'OB3', 'P0503', '99', 6, 1, NULL, NULL),
(95, 'GERENTE DE VINCULACION', 'S', 1, 'MC2', 'P0202', '99', 4, 13, NULL, NULL),
(96, 'SUBGERENTE DE ASUNTOS NORMATIVOS, ASESORIA Y CONSU', 'M', 1, 'NB3', 'P0501', '99', 5, 1, NULL, NULL),
(97, 'SUBGERENTE DE LA UNIDAD DE NORMATIVIDAD PARA LA OPERACIÓN', 'M', 1, 'NB3', 'P0501', '99', 5, 1, NULL, NULL),
(98, 'GERENTE DE CONTROL Y SEGUIMIENTO', 'S', 1, 'MC2', 'P0202', '99', 4, 13, NULL, NULL),
(99, 'SUBGERENTE DE ADQUISICIONES BIENES Y SERVICIOS', 'M', 1, 'NB3', 'P0501', '99', 5, 1, NULL, NULL),
(100, 'AUXILIAR TECNICO', 'B', 4, 'BPETC01', '', '4', 7, 1, NULL, 2),
(101, 'ADMINISTRATIVO ESPECIALIZADO', 'B', 4, 'BPEAD02', '', '5', 7, 1, NULL, 1),
(102, 'OFICIAL DE MANTTO INSTALACIONES Y EQUIPO', 'B', 4, 'BPESM04', '', '6', 7, 1, NULL, 1),
(103, 'TECNICO', 'B', 4, 'BPETC05', '', '7', 7, 1, NULL, 2),
(104, 'TECNICO EN INSTALACIONES', 'B', 4, 'BPETC03', '', '7', 7, 1, NULL, 2),
(105, 'INVESTIGADOR TECNICO', 'B', 4, 'BPEIN01', '', '8', 7, 1, NULL, 2),
(106, 'ANALISTA DE SIST ESPECIALES DE COMPUTO', 'B', 4, 'BPECM03', '', '9', 7, 1, NULL, 2),
(107, 'INVESTIGADOR ESPECIALIZADO', 'B', 4, 'BPEIN02', '', '9', 7, 1, NULL, 2),
(108, 'REVISOR TECNICO', 'B', 4, 'BPETC07', '', '11', 7, 1, NULL, 2),
(109, 'REVISOR TECNICO ESPECIALIZADO', 'B', 4, 'BPETC08', '', '13', 7, 1, NULL, 2),
(110, 'CONTROLADOR DE REPORTES ADMINISTRATIVOS', 'B', 4, 'BPEAD03', '', '14', 7, 1, NULL, 2),
(111, 'CONTROLADOR DE REPORTES TECNICOS DE J DE ZONA', 'B', 4, 'BPETC09', '', '14', 7, 1, NULL, 2),
(112, 'AUXILIAR TECNICO EN CONST ESCOLARES', 'B', 4, 'BPETC11', '', '15', 7, 1, NULL, 2),
(113, 'AUXILIAR TECNICO ADMINISTRATIVO', 'B', 4, 'BPETC10', '', '15', 7, 1, NULL, 2),
(114, 'ANALISTA EN CONSTRUCCIONES ESCOLARES', 'B', 4, 'CFPECP01', '', '17', 7, 1, NULL, 2),
(115, 'PROF EN CONST Y PROYECTOS ESCOLARES', 'B', 4, 'CFPECP02', '', '19', 7, 1, NULL, 2),
(116, 'PROF ESP EN CONST Y PROYECTOS ESCOLARES', 'B', 4, 'CFPECP03', '', '21', 7, 1, NULL, 2),
(117, 'CHOFER DE GERENTE', 'B', 4, 'CFPEAA01', '', '7', 7, 1, NULL, 2),
(118, 'COORDINADOR DE PROGRAMAS ESPECIALES', 'B', 4, 'BPECM05', '', '15', 7, 1, NULL, 2),
(119, 'ASISTENTE ADMINISTRATIVO', 'B', 4, 'BPEAD04', '', '16', 7, 1, NULL, 2),
(120, 'ASISTENTE TECNICO EN CONST ESCOLARES', 'B', 4, 'BPETC12', '', '16', 7, 1, NULL, 2),
(121, 'TEC EN CONTROL DE CONST DE ESCUELAS', 'B', 4, 'BPETC15', '', '18', 7, 1, NULL, 2),
(122, 'TECNICO EN PROYECTOS ESCOLARES', 'B', 4, 'BPETC14', '', '18', 7, 1, NULL, 2),
(123, 'TECNICO EN PLANEACION ESCOLAR', 'B', 4, 'BPETC13', '', '18', 7, 1, NULL, 2),
(124, 'TECNICO', 'B', 4, 'BPETC05', '', '7', 7, 1, NULL, 2),
(125, 'PROF ESP EN CONST Y PROYECTOS ESCOLARES', 'B', 4, 'CFPECP03', '', '21', 7, 1, NULL, 2),
(150, 'SECRETARIA DE LA OFICINA DE GERENTE', 'C', 2, 'CFPEAA02', '', '9', 8, 1, NULL, 2),
(151, 'SUPERVISOR ESPECIALIZADO EN CONTABILIDAD', 'C', 2, 'CFPESU04', '', '21', 8, 1, NULL, 1),
(152, 'SUPERVISOR ESPECIALIZADO EN CONSTRUCCIONES', 'C', 2, 'CFPESU03', '', '21', 8, 1, NULL, 1),
(153, 'SUPERVISOR ESPECIALIZADO EN AUDITORIAS', 'C', 2, 'CFPESU02', '', '21', 8, 1, NULL, 1),
(154, 'PILOTO DE AVION BIMOTOR', 'C', 2, 'CFPEAE01', '', '22', 8, 1, NULL, 1),
(155, 'PILOTO DE AVION TURBINA', 'C', 2, 'CFPEAE02', '', '23', 8, 1, NULL, NULL),
(156, 'ING EN MANTTO DE EQUIPO DE COMPUTO', 'C', 2, 'CFPECC02', '', '23', 8, 1, NULL, 1),
(200, 'SUBGERENTE DE PLANEACION INSTITUCIONAL', 'M', 1, 'NB3', '', '', 5, 1, NULL, NULL),
(201, 'SUBGERENTE DE SUPERVISION DE OBRA', 'M', 1, 'NB3', '', '', 5, 1, NULL, NULL),
(202, 'JEFE DE DEPARTAMENTO DE OPERACIONES DEL SISTEMA DE INFORMACION DE LA INFE', 'M', 1, 'OB3', '', '', 6, 1, NULL, NULL),
(203, 'SUBGERENTE DEL SISTEMA DE INFORMACION DE LA INFE', 'M', 1, 'NB3', '', '', 5, 1, NULL, NULL),
(204, 'SUBGERENTE DE COORDINACION DE EVENTOS', 'M', 1, 'NB3', '', '', 5, 1, NULL, NULL),
(205, 'SUBGERENTE DE PROGRAMACION', 'M', 1, 'NB3', '', '', 5, 1, NULL, NULL),
(206, 'SUBGERENTE DE MATERIALES Y SERVICIOS', 'M', 1, 'NB3', '', '', 5, 1, NULL, NULL),
(207, 'GERENTE DEL SISTEMA NACIONAL DE INFORMACION', 'S', 1, 'MA3', '', '', 4, 13, NULL, NULL),
(300, 'DIRECTOR GENERAL', 'S', 1, 'KC2', '', '', 1, 8, NULL, 1),
(301, 'SECRETARIO PARTICULAR', 'M', 1, 'M23', '', '', 4, 13, NULL, 1),
(302, 'SUBGERENTE DE COORDINACION DE EVENTOS', 'M', 1, 'N31', '', '', 5, 1, NULL, 1),
(303, 'JEFE DE DEPARTAMENTO DE APOYO LOGÍSTICO', 'M', 1, 'O32', '', '', 6, 1, NULL, 1),
(304, 'GERENTE DE ASUNTOS JURÍDICOS', 'M', 1, 'M33', '', '', 4, 13, NULL, 1),
(305, 'SUBGERENTE DE LO CONSULTIVO Y ADMINISTRATIVO', 'M', 1, 'N31', '', '', 5, 1, NULL, 1),
(306, 'JEFE DE DEPARTAMENTO DE CONVENIOS Y CONTRATOS', 'M', 1, 'O32', '', '', 6, 1, NULL, 1),
(307, 'SUBGERENTE DE LO CONTENCIOSO', 'M', 1, 'N31', '', '', 5, 1, NULL, 1),
(308, 'JEFE DE DEPARTAMENTO DE ASUNTOS CONTENCIOSOS', 'M', 1, 'O32', '', '', 6, 1, NULL, 1),
(309, 'DIRECTOR DE INFRAESTRUCTURA', 'S', 1, 'LB3', '', '', 2, 1, NULL, 3),
(310, 'GERENTE DE NORMATIVIDAD E INVESTIGACIÓN', 'M', 1, 'M33', '', '', 4, 13, NULL, 3),
(311, 'SUBGERENTE DE NORMAS E INNOVACIÓN', 'M', 1, 'N31', '', '', 5, 1, NULL, 3),
(312, 'JEFE DE DEPARTAMENTO DE NORMAS Y ESPECIFICACIONES TÉCNICAS', 'M', 1, 'O32', '', '', 6, 1, NULL, 3),
(313, 'JEFE DE DEPARTAMENTO DE EQUIPAMIENTO', 'M', 1, 'O32', '', '', 6, 1, NULL, 3),
(314, 'JEFE DE DEPARTAMENTO DE MATERIALES Y SISTEMAS CONSTRUCTIVOS', 'M', 1, 'O32', '', '', 6, 1, NULL, 3),
(315, 'JEFE DE DEPARTAMENTO DE INNOVACIÓN Y DESARROLLO', 'M', 1, 'O32', '', '', 6, 1, NULL, 3),
(316, 'SUBGERENTE DE SEGUIMIENTO', 'M', 1, 'N31', '', '', 5, 1, NULL, 3),
(317, 'JEFE DE DEPARTAMENTO DE SEGUIMIENTO A PROGRAMAS DE OBRA', 'M', 1, 'O32', '', '', 6, 1, NULL, 3),
(318, 'JEFE DE DEPARTAMENTO DE SEGUIMIENTO A PROGRAMAS INSTITUCIONALES', 'M', 1, 'O32', '', '', 6, 1, NULL, 3),
(319, 'GERENTE DE PROYECTOS', 'M', 1, 'M33', '', '', 4, 13, NULL, 3),
(320, 'SUBGERENTE DE ARQUITECTURA', 'M', 1, 'N31', '', '', 5, 1, NULL, 3),
(321, 'JEFE DE DEPARTAMENTO DE PROYECTOS ARQUITECTÓNICOS', 'M', 1, 'O32', '', '', 6, 1, NULL, 3),
(322, 'JEFE DE DEPARTAMENTO DE CONTROL DE PROYECTOS', 'M', 1, 'O32', '', '', 6, 1, NULL, 3),
(323, 'SUBGERENTE DE INGENIERÍA', 'M', 1, 'N31', '', '', 5, 1, NULL, 3),
(324, 'JEFE DE DEPARTAMENTO DE ESTRUCTURAS', 'M', 1, 'O32', '', '', 6, 1, NULL, 3),
(325, 'JEFE DE DEPARTAMENTO DE INSTALACIONES HIDRÁULICAS', 'M', 1, 'O32', '', '', 6, 1, NULL, 3),
(326, 'JEFE DE DEPARTAMENTO DE INSTALACIONES ELÉCTRICAS', 'M', 1, 'O32', '', '', 6, 1, NULL, 3),
(327, 'JEFE DE DEPARTAMENTO DE INSTALACIONES AIRE ACONDICIONADO', 'M', 1, 'O32', '', '', 6, 1, NULL, 3),
(328, 'GERENTE DE CONSTRUCCIÓN Y SUPERVISIÓN DE OBRA', 'M', 1, 'M33', '', '', 4, 13, NULL, 3),
(329, 'SUBGERENTE DE CONSTRUCCIÓN DE OBRA', 'M', 1, 'N31', '', '', 5, 1, NULL, 3),
(330, 'JEFE DE DEPARTAMENTO DE CONSTRUCCIÓN DE OBRA Y PROYECTOS ESPECIALES', 'M', 1, 'O32', '', '', 6, 1, NULL, 3),
(331, 'JEFE DE DEPARTAMENTO DE CONSTRUCCIÓN DE OBRA', 'M', 1, 'O32', '', '', 6, 1, NULL, 3),
(332, 'SUBGERENTE DE SUPERVISIÓN DE OBRA', 'M', 1, 'N31', '', '', 5, 1, NULL, 3),
(333, 'JEFE DE DEPARTAMENTO DE SUPERVISIÓN DE OBRA Y PROYECTOS ESPECIALES', 'M', 1, 'O32', '', '', 6, 1, NULL, 3),
(334, 'JEFE DE DEPARTAMENTO DE SUPERVISIÓN DE OBRA', 'M', 1, 'O32', '', '', 6, 1, NULL, 3),
(335, 'SUBGERENTE DE PRESUPUESTOS Y CONTRATACIÓN', 'M', 1, 'N31', '', '', 5, 1, NULL, 3),
(336, 'JEFE DE DEPARTAMENTO DE ANÁLISIS, COSTOS Y PRESUPUESTOS', 'M', 1, 'O32', '', '', 6, 1, NULL, 3),
(337, 'JEFE DE DEPARTAMENTO DE CONCURSOS Y CONTRATOS', 'M', 1, 'O32', '', '', 6, 1, NULL, 3),
(338, 'GERENTE DE CERTIFICACIÓN, DIAGNÓSTICO Y EVALUACIÓN', 'M', 1, 'M33', '', '', 4, 13, NULL, 3),
(339, 'SUBGERENTE DE DIAGNÓSTICO Y CERTIFICACIÓN', 'M', 1, 'N31', '', '', 5, 1, NULL, 3),
(340, 'JEFE DE DEPARTAMENTO DE DIAGNÓSTICO DE LA INFE', 'M', 1, 'O32', '', '', 6, 1, NULL, 3),
(341, 'JEFE DE DEPARTAMENTO DE EVALUACIÓN DE LA CALIDAD', 'M', 1, 'O32', '', '', 6, 1, NULL, 3),
(342, 'SUBGERENTE DE ATENCIÓN DE DAÑOS Y VERIFICACIÓN DE OBRA', 'M', 1, 'N31', '', '', 5, 1, NULL, 3),
(343, 'JEFE DE DEPARTAMENTO DE VALIDACIÓN Y ATENCIÓN DE DAÑOS', 'M', 1, 'O32', '', '', 6, 1, NULL, 3),
(344, 'JEFE DE DEPARTAMENTO DE VERIFICACIÓN DE OBRA', 'M', 1, 'O32', '', '', 6, 1, NULL, 3),
(345, 'SUBGERENTE DE CAPACITACION TÉCNICA Y ASESORÍA', 'M', 1, 'N31', '', '', 5, 1, NULL, 3),
(346, 'JEFE DE DEPARTAMENTO DE CAPACITACIÓN TÉCNICA Y PARTICIPACIÓN SOCIAL', 'M', 1, 'O32', '', '', 6, 1, NULL, 3),
(347, 'COORDINADOR TECNICO', 'S', 1, 'LB3', '', '', 2, 1, NULL, 3),
(348, 'GERENTE DE PLANEACIÓN Y PROGRAMACIÓN', 'M', 1, 'M33', '', '', 4, 13, NULL, 3),
(349, 'SUBGERENTE DE PLANEACIÓN INSTITUCIONAL', 'M', 1, 'N31', '', '', 5, 1, NULL, 3),
(350, 'SUBGERENTE DE PROGRAMACIÓN', 'M', 1, 'N21', '', '', 0, 1, NULL, 3),
(351, 'GERENTE DE RELACIONES INTERINSTITUCIONALES', 'M', 1, 'M33', '', '', 4, 13, NULL, 3),
(352, 'SUBGERENTE DE VINCULACIÓN Y SEGUIMIENTO', 'M', 1, 'N31', '', '', 5, 1, NULL, 3),
(353, 'SUBGERENTE DE ENLACE INTERINSTITUCIONAL', 'M', 1, 'N31', '', '', 5, 1, NULL, 3),
(354, 'GERENTE DEL SISTEMA NACIONAL DE INFORMACIÓN', 'M', 1, 'N31', '', '', 4, 13, NULL, 3),
(355, 'SUBGERENTE DEL SISTEMA DE INFORMACIÓN DE LA INFE', 'M', 1, 'N31', '', '', 5, 1, NULL, 3),
(356, 'JEFE DE DEPARTAMENTO DE OPERACIONES DEL SISTEMA DE INFORMACIÓN DE LA INFE', 'M', 1, 'O32', '', '', 6, 1, NULL, 3),
(357, 'DIRECTOR DE ADMINISTRACIÓN', 'S', 1, 'LB3', '', '', 2, 4, NULL, 1),
(358, 'GERENTE DE RECURSOS HUMANOS', 'M', 1, 'M33', '', '', 4, 9, NULL, 1),
(359, 'SUBGERENTE DE ADMINISTRACIÓN DE PERSONAL', 'M', 1, 'N31', '', '', 5, 1, 1, 1),
(360, 'JEFE DE DEPARTAMENTO DE SERVICIOS PERSONALES', 'M', 1, 'O32', '', '', 6, 1, NULL, 1),
(361, 'JEFE DE DEPARTAMENTO DE NÓMINAS', 'M', 1, 'O32', '', '', 6, 1, NULL, 1),
(362, 'GERENTE DE FINANZAS', 'M', 1, 'M33', '', '', 4, 13, NULL, 1),
(363, 'SUBGERENTE DE FINANZAS Y CONTROL PRESUPUESTAL', 'M', 1, 'N31', '', '', 5, 1, NULL, 1),
(364, 'JEFE DE DEPARTAMENTO DE CONTROL PRESUPUESTAL', 'M', 1, 'O32', '', '', 6, 1, NULL, 1),
(365, 'JEFE DE DEPARTAMENTO DE ANÁLISIS Y TESORERÍA', 'M', 1, 'O32', '', '', 6, 1, NULL, 1),
(366, 'SUBGERENTE DE CONTABILIDAD Y REGISTRO', 'M', 1, 'N31', '', '', 5, 1, NULL, 1),
(367, 'JEFE DE DEPARTAMENTO DE SUPERVISIÓN, CONTROL Y REGISTRO CONTABLE', 'M', 1, 'O32', '', '', 6, 1, NULL, 1),
(368, 'GERENTE DE RECURSOS MATERIALES Y SERVICIOS GENERALES', 'M', 1, 'M33', '', '', 4, 13, NULL, 1),
(369, 'SUBGERENTE DE MATERIALES Y SERVICIOS', 'M', 1, 'N21', '', '', 0, 1, NULL, 1),
(370, 'JEFE DE DEPARTAMENTO DE ADQUISICIONES, ALMACEN E INVENTARIOS', 'M', 1, 'O32', '', '', 6, 1, NULL, 1),
(371, 'JEFE DE DEPARTAMENTO DE CONTRATOS Y SERVICIOS', 'M', 1, 'O32', '', '', 6, 1, NULL, 1),
(372, 'SUBGERENTE DE INFORMÁTICA', 'M', 1, 'N31', '', '', 5, 1, NULL, 1),
(373, 'JEFE DE DEPARTAMENTO DE SISTEMAS INFORMATICOS E INFRAESTRUCTURA TECNOLOGICA', 'M', 1, 'O32', '', '', 6, 1, NULL, 1);

-- --------------------------------------------------------

--
-- Estructura de tabla para la tabla `cat_titulo`
--

DROP TABLE IF EXISTS `cat_titulo`;
CREATE TABLE `cat_titulo` (
  `id_titulo` int(11) NOT NULL,
  `descripcion` varchar(150) COLLATE utf8_spanish_ci NOT NULL,
  `abreviacion` varchar(15) COLLATE utf8_spanish_ci NOT NULL
) ENGINE=InnoDB DEFAULT CHARSET=utf8 COLLATE=utf8_spanish_ci;

--
-- Volcado de datos para la tabla `cat_titulo`
--

INSERT INTO `cat_titulo` (`id_titulo`, `descripcion`, `abreviacion`) VALUES
(1, 'Licenciado', 'Lic.'),
(2, 'Arquitecto', 'Arq.'),
(3, 'Ingeniero', 'Ing.'),
(4, 'Contador Publico', 'C.P.'),
(5, 'Profesor', 'Prof.'),
(6, 'Actuario', 'Act.'),
(7, 'Maestro', 'Ma.'),
(8, 'Ciudadano', 'C.'),
(9, 'Licenciada', 'Lic.'),
(10, 'Licencienciatura en Administración Industrial', 'LAI'),
(11, 'Pasante', 'C.'),
(12, 'TECNICO SUPERIOR UNIVERSITARIO', 'C.'),
(13, 'Abogado', 'AB.'),
(14, 'INGENIERO ARQUITECTO', 'ING. ARQ.'),
(15, 'LIC. EN ING. EN CONSTRUCCION', 'L. C.'),
(20, 'INGENIERO ARQUITECTO', 'ING. ARQ.'),
(21, 'ARQUITECTO', 'ARQ.'),
(27, 'PASANTE DE LA LICENCIATURA EN ECONOMÍA', 'PASANTE'),
(28, 'PASANTE DE LA LICENCIATURA EN FINANZAS', 'L. F.'),
(29, 'INGENIERO CIVIL', 'ING.'),
(30, 'CONTADOR PRIVADO', 'C.'),
(31, 'CIUDADANA', 'C.'),
(32, 'MAESTRÍA EN TECNOLOGÍA EDUCATIVA', 'MTRA.'),
(33, 'INGENIERO ARQUITECTO', 'ING ARQ'),
(34, 'INGENIERO EN COMUNICACIONES Y ELECTRÓNICA', 'ING.'),
(35, 'MAESTRIA EN VALUACION', 'MTRO.'),
(36, 'INGENIERO', ''),
(37, 'INGENIERO', 'ING.'),
(38, 'MAESTRO EN VALUACIÓN', 'M. EN VAL'),
(39, 'ARQUITECTO', 'ARQ.'),
(40, 'LICENCIATURA', 'LIC.'),
(41, 'INGENIERIA', 'ING.'),
(42, 'TECNICO SUPERIOR UNIVERSITARIO', 'TEC.'),
(43, 'ARQUITECTA', 'ARQ.'),
(44, 'MAESTRIA', 'MA.'),
(45, 'TECNICO', 'TEC.'),
(46, 'LICENCIADO EN ADMINISTRACIÓN DE EMPRESAS', 'LAE'),
(47, 'LICENCIADO EN ADMINISTRACIÓN DE EMPRESAS', 'LAE'),
(48, 'LICENCIADO EN ARQUITECTURA', 'ARQ.'),
(49, 'LICENCIADO EN ARQUITECTURA', 'ARQ.'),
(50, 'LICENCIADO EN DISEÑO INDUSTRIAL', 'LIC.'),
(51, 'LICENCIADO EN DISEÑO INDUSTRIAL', 'LIC.'),
(52, 'LICENCIADA EN ADMINISTRACION', 'LIC.'),
(53, 'INGENIERO ARQUITECTO', 'ING. ARQ.'),
(54, 'INGENIERO MECANICO ELECTRICISTA', ''),
(55, 'INGENIERO ARQUITECTO', 'ING. ARQ.'),
(56, 'INGENIERO CIVIL', 'ING.'),
(58, 'MAESTRIA EN INGENIERÍA', 'MTRA. ING.'),
(59, 'INGENIERO ARQUITECTO', 'ING. ARQ.'),
(60, 'INGENIERO CIVIL', 'ING'),
(61, 'CONTADOR PÚBLICO', 'C.P.'),
(62, 'LICENCIADO EN DERECHO', 'LIC.'),
(63, 'LICENCIADO EN RELACIONES INDUSTRIALES', ''),
(64, 'LICENCIADO EN RELACIONES COMERCIALES', ''),
(65, 'Maestria en alta dirección y negocios internacionales', 'M.A.D.'),
(66, 'MAESTRIA EN ALTA DIRECCION Y NEGOCIOS INTERNACIONALES', 'M.A.D.'),
(67, 'ARQUITECTO', 'ARQ.'),
(68, 'LICENCIATURA', ''),
(69, 'MAESTRIA EN ARQUITECTURA', 'M. ARQ.'),
(70, 'INGENIERO MUNICIPAL', 'ING. MUN.'),
(71, 'ARQUITECTA', 'ARQ.'),
(72, 'BILLINGUAL SECRETARY COURSE', ''),
(73, 'MAESTRÍA EN ADMINISTRACIÓN DE LA CONSTRUCCIÓN', 'M.A.C.'),
(74, 'INGENIERO MECÁNICO', 'ING. MEC.'),
(75, 'ARQUITECTA URBANISTA', 'ARQ. URB.'),
(76, 'LICENCIATURA EN CONTADURÍA PÚBLICA', 'C.P.'),
(77, 'EDIFICACION Y ADMINISTRACION DE OBRAS', 'L.E.A.O'),
(78, 'ARQUITECTO', 'ARQ'),
(79, 'INGENIERA ARQUITECTA', 'ING. ARQ.'),
(80, 'INGENIERO ELECTRICISTA', ''),
(81, 'PROFESIONAL TEC. EN ELECTRÓNICA Y COMUNICACÓNES', ''),
(82, 'LICENCIADO EN DISEÑO GRAFICO', ''),
(83, 'MAESTRIA EN ARTE DECODIFICADO ANÁLISIS DE LA IMAGEN VISUAL', ''),
(84, 'LICENCIADO EN SOCIOLOGÍA', ''),
(85, 'LICENCIATURA EN INGENIERIA CIVIL', ''),
(86, 'PASANTE DE LA LICENCIATURA EN DERECHO', ''),
(87, 'LICENCIADO EN CONTADURÍA PÚBLICA', ''),
(88, 'MAESTRA', 'MTRA.'),
(89, 'PROFESIONAL TÉCNICO EN CONSTRUCCIÓN URBANA', ''),
(90, 'LICENCIADO URBANISTA', ''),
(91, 'LICENCIADO EN ADMINISTRACÓN', ''),
(92, 'MAESTRÍA EN ADMINISTRACIÓN', 'MBA'),
(93, 'LICENCIADA EN DERECHO', ''),
(94, 'LICENCIADA EN ADMINISTRACIÓN DE EMPRESAS', ''),
(95, 'LICENCIADO EN ADMINISTRACIÓN', ''),
(96, 'EDIFICACIÓN Y ADMINISTRACIÓN DE OBRAS', ''),
(97, 'DISEÑO INDUSTRIAL', 'D. I.'),
(98, 'LICENCIATURA EN DISEÑO INDUSTRIAL', ''),
(99, 'LICENCIADA EN CONTADURIA', '');

-- --------------------------------------------------------

--
-- Estructura de tabla para la tabla `ws_menu`
--

DROP TABLE IF EXISTS `ws_menu`;
CREATE TABLE `ws_menu` (
  `id` int(11) UNSIGNED NOT NULL,
  `id_grupo` int(11) NOT NULL,
  `texto` varchar(28) COLLATE utf8_spanish_ci NOT NULL,
  `title` varchar(75) COLLATE utf8_spanish_ci NOT NULL,
  `link` varchar(255) COLLATE utf8_spanish_ci NOT NULL,
  `class` varchar(70) COLLATE utf8_spanish_ci NOT NULL,
  `orden` int(11) NOT NULL,
  `sec` varchar(15) COLLATE utf8_spanish_ci NOT NULL,
  `activo` tinyint(4) NOT NULL DEFAULT 1 COMMENT 'Se muestra o no'
) ENGINE=InnoDB DEFAULT CHARSET=utf8 COLLATE=utf8_spanish_ci;

--
-- Volcado de datos para la tabla `ws_menu`
--

INSERT INTO `ws_menu` (`id`, `id_grupo`, `texto`, `title`, `link`, `class`, `orden`, `sec`, `activo`) VALUES
(1, 0, 'Administrador', '', '', 'fa fa-cogs', 7, '', 1),
(2, 1, 'Usuarios', 'Ver Lista de usuarios', '?fmc=admin/sis_usuarios&td=index', 'fa fa-caret-right', 1, '', 1),
(3, 1, 'Roles', 'Ver lista de Roles', '?fmc=admin/sis_roles&td=index', 'fa fa-caret-right', 2, '', 1),
(6, 0, 'Activos Fijos', 'Catalogos', '', 'fa fa-desktop', 6, '1', 1),
(46, 77, 'Plazas', 'Plazas', '?fmc=catalogos/plazas&td=index', 'fa fa-caret-right', 2, '1', 1),
(57, 77, 'Bancos', 'Bancos', '?fmc=catalogos/bancos&td=index', 'fa fa-caret-right\n', 8, '1', 1),
(58, 77, 'Empleados', 'Empleados', '?fmc=catalogos/beneficiario&td=index', 'fa fa-caret-right\r\n', 9, '1', 1),
(59, 77, 'Centro de Trabajo', 'Centro de Trabajo', '?fmc=catalogos/centrotrabajo&td=index', 'fa fa-caret-right\r\n', 10, '1', 1),
(62, 77, 'Titulos', 'Titulos', '?fmc=catalogos/titulos&td=index', 'fa fa-caret-right\r\n', 11, '1', 1),
(72, 0, 'Manual Usuario', 'Manual Usuario', '', 'fa fa-book', 8, '', 1),
(73, 72, 'Manual', 'Manual', '?fmc=manual/indice&td=index', '', 1, '1', 1),
(76, 6, 'Equipo de computo', 'Equipo de computo', '?fmc=catalogos/activo&td=index', 'fa fa-caret-right\r\n', 20, '1', 1),
(77, 0, 'Empresa', 'Empresa', '', 'fa fa-building', 2, '1', 1),
(79, 1, 'Movimientos', 'Movimientos', '?fmc=admin/movimientos&td=index', 'fa fa-caret-right', 3, '', 1);

-- --------------------------------------------------------

--
-- Estructura de tabla para la tabla `ws_parametro`
--

DROP TABLE IF EXISTS `ws_parametro`;
CREATE TABLE `ws_parametro` (
  `id_parametro` int(11) NOT NULL COMMENT 'Identificador del parametro',
  `cve_parametro` varchar(50) COLLATE utf8_spanish_ci NOT NULL DEFAULT '' COMMENT 'Clave del parametro',
  `valor` varchar(100) COLLATE utf8_spanish_ci NOT NULL DEFAULT '' COMMENT 'Valor del parametro',
  `activo` tinyint(1) NOT NULL DEFAULT 1 COMMENT 'Esta activo'
) ENGINE=InnoDB DEFAULT CHARSET=utf8 COLLATE=utf8_spanish_ci COMMENT='Parametros del sistema';

--
-- Volcado de datos para la tabla `ws_parametro`
--

INSERT INTO `ws_parametro` (`id_parametro`, `cve_parametro`, `valor`, `activo`) VALUES
(1, 'Sistema activo', '1', 1),
(2, 'Anio Activo', '2020', 1),
(3, 'Mes activo', '5', 1),
(4, 'Acttividad Inst', '14,3', 1),
(5, 'Programa Pptal', '17,4', 1),
(6, 'Capitulo', '21,1', 1),
(7, 'Concepto', '21,2', 1),
(8, 'Partida', '21,5', 1),
(9, 'Tipo de gasto', '26,1', 1),
(10, 'Fuente Fin', '27,1', 1),
(15, 'tasa_iva', '16', 1),
(16, 'isr', '10', 1),
(17, 'iva retenido', '2 terceras partes del iva', 1),
(25, 'Contratos', '(1,2,9,10,16,17)', 1),
(30, 'Adecuación Presupuestal', '(3,4,5,6,7,8,12)', 1),
(35, 'Suficiencia Presupuestal', '(11)', 1),
(40, 'Movimiento Genérico', '(13,14)', 1),
(45, 'Movimiento de Nómina', '(14)', 1),
(46, 'Movimientos de Viáticos', '(15)', 1),
(47, 'Nómina solicitud de pago', '(18)', 1),
(48, 'Municipios Caros', '368, 125, 1807, 21, 364, 63', 1);

-- --------------------------------------------------------

--
-- Estructura de tabla para la tabla `ws_rol`
--

DROP TABLE IF EXISTS `ws_rol`;
CREATE TABLE `ws_rol` (
  `id` int(10) NOT NULL,
  `rol` varchar(90) COLLATE utf8_spanish_ci NOT NULL,
  `pag_ini` varchar(200) COLLATE utf8_spanish_ci NOT NULL DEFAULT '0',
  `descripcion` varchar(255) COLLATE utf8_spanish_ci NOT NULL,
  `activo` tinyint(4) NOT NULL DEFAULT 1 COMMENT '1 activo, 0 inactivo'
) ENGINE=InnoDB DEFAULT CHARSET=utf8 COLLATE=utf8_spanish_ci;

--
-- Volcado de datos para la tabla `ws_rol`
--

INSERT INTO `ws_rol` (`id`, `rol`, `pag_ini`, `descripcion`, `activo`) VALUES
(1, 'Super Usuario', 'index.php', 'Rol del Fabricante', 1),
(9, 'Administrador', '0', 'usuario administrador (puede modificar el sistema, los datos y hacer consultas)', 1),
(11, 'estandar', '0', 'estándar (puede modificar datos en el sistema)', 1),
(12, 'invitado', '0', ' invitado (sólo puede hacer consultas en el sistema).', 1);

-- --------------------------------------------------------

--
-- Estructura de tabla para la tabla `ws_rol_menu`
--

DROP TABLE IF EXISTS `ws_rol_menu`;
CREATE TABLE `ws_rol_menu` (
  `id` int(10) UNSIGNED NOT NULL,
  `id_rol` int(11) NOT NULL,
  `id_menu` int(11) NOT NULL,
  `imp` tinyint(4) NOT NULL DEFAULT 0,
  `edit` tinyint(4) NOT NULL DEFAULT 0,
  `elim` tinyint(4) NOT NULL DEFAULT 0,
  `nuevo` tinyint(4) NOT NULL DEFAULT 0,
  `exportar` tinyint(4) NOT NULL
) ENGINE=InnoDB DEFAULT CHARSET=utf8 COLLATE=utf8_spanish_ci;

--
-- Volcado de datos para la tabla `ws_rol_menu`
--

INSERT INTO `ws_rol_menu` (`id`, `id_rol`, `id_menu`, `imp`, `edit`, `elim`, `nuevo`, `exportar`) VALUES
(374, 2, 1, 0, 0, 0, 0, 0),
(375, 2, 2, 1, 1, 1, 1, 1),
(376, 2, 3, 1, 1, 1, 1, 1),
(377, 2, 4, 1, 1, 1, 1, 1),
(378, 2, 5, 1, 1, 1, 1, 1),
(379, 2, 10, 1, 1, 1, 1, 1),
(380, 2, 26, 1, 1, 1, 1, 1),
(381, 2, 6, 1, 1, 1, 1, 1),
(382, 2, 7, 1, 1, 1, 1, 1),
(383, 2, 8, 1, 1, 1, 1, 1),
(384, 2, 9, 1, 1, 1, 1, 1),
(385, 2, 11, 1, 1, 1, 1, 1),
(386, 2, 27, 1, 1, 1, 1, 1),
(387, 2, 28, 1, 1, 1, 1, 1),
(388, 2, 29, 1, 1, 1, 1, 1),
(389, 2, 30, 1, 1, 1, 1, 1),
(390, 2, 31, 1, 1, 1, 1, 1),
(391, 2, 32, 1, 1, 1, 1, 1),
(392, 2, 14, 1, 1, 1, 1, 1),
(393, 2, 15, 1, 1, 1, 1, 1),
(394, 2, 16, 1, 1, 1, 1, 1),
(395, 2, 17, 1, 1, 1, 1, 1),
(396, 2, 18, 1, 1, 1, 1, 1),
(397, 2, 19, 1, 1, 1, 1, 1),
(398, 2, 20, 1, 1, 1, 1, 1),
(399, 2, 21, 1, 1, 1, 1, 1),
(400, 2, 22, 1, 1, 1, 1, 1),
(401, 2, 24, 1, 1, 1, 1, 1),
(402, 2, 12, 1, 1, 1, 1, 1),
(403, 2, 13, 1, 1, 1, 1, 1),
(404, 2, 23, 1, 1, 1, 1, 1),
(405, 2, 25, 1, 1, 1, 1, 1),
(406, 2, 33, 1, 1, 1, 1, 1),
(407, 2, 34, 1, 1, 1, 1, 1),
(408, 2, 35, 1, 1, 1, 1, 1),
(409, 2, 36, 1, 1, 1, 1, 1),
(572, 3, 1, 0, 0, 0, 0, 0),
(573, 3, 4, 0, 0, 0, 0, 0),
(574, 3, 5, 1, 1, 1, 1, 1),
(575, 3, 10, 1, 1, 1, 1, 1),
(576, 3, 26, 1, 1, 1, 1, 1),
(577, 3, 41, 1, 1, 1, 1, 1),
(578, 3, 6, 1, 1, 1, 1, 1),
(579, 3, 7, 1, 1, 1, 1, 1),
(580, 3, 8, 1, 1, 1, 1, 1),
(581, 3, 9, 1, 1, 1, 1, 1),
(582, 3, 11, 1, 1, 1, 1, 1),
(583, 3, 27, 1, 1, 1, 1, 1),
(584, 3, 28, 1, 1, 1, 1, 1),
(585, 3, 29, 1, 1, 1, 1, 1),
(586, 3, 30, 1, 1, 1, 1, 1),
(587, 3, 31, 1, 1, 1, 1, 1),
(588, 3, 32, 1, 1, 1, 1, 1),
(589, 3, 14, 1, 1, 1, 1, 1),
(590, 3, 15, 1, 1, 1, 1, 1),
(591, 3, 16, 1, 1, 1, 1, 1),
(592, 3, 17, 1, 1, 1, 1, 1),
(593, 3, 18, 1, 1, 1, 1, 1),
(594, 3, 19, 1, 1, 1, 1, 1),
(595, 3, 24, 1, 1, 1, 1, 1),
(596, 3, 34, 1, 1, 1, 1, 1),
(597, 3, 35, 1, 1, 1, 1, 1),
(598, 3, 36, 1, 1, 1, 1, 1),
(599, 3, 37, 1, 1, 1, 1, 1),
(600, 3, 38, 1, 1, 1, 1, 1),
(601, 3, 39, 1, 1, 1, 1, 1),
(602, 3, 42, 1, 1, 1, 1, 1),
(603, 3, 43, 1, 1, 1, 1, 1),
(604, 3, 44, 1, 1, 1, 1, 1),
(674, 1, 1, 0, 0, 0, 0, 0),
(675, 1, 2, 1, 1, 1, 1, 1),
(676, 1, 3, 1, 1, 1, 1, 1),
(677, 1, 6, 1, 1, 1, 1, 1),
(678, 1, 7, 1, 1, 1, 1, 1),
(679, 1, 8, 1, 1, 1, 1, 1),
(680, 1, 9, 1, 1, 1, 1, 1),
(681, 1, 45, 1, 1, 1, 1, 1),
(682, 1, 46, 1, 1, 1, 1, 1),
(683, 1, 47, 1, 1, 1, 1, 1),
(684, 1, 51, 1, 1, 1, 1, 1),
(685, 1, 57, 1, 1, 1, 1, 1),
(686, 1, 58, 1, 1, 1, 1, 1),
(687, 1, 59, 1, 1, 1, 1, 1),
(688, 1, 62, 1, 1, 1, 1, 1),
(689, 1, 63, 1, 1, 1, 1, 1),
(690, 1, 65, 1, 1, 1, 1, 1),
(691, 1, 71, 1, 1, 1, 1, 1),
(692, 1, 74, 1, 1, 1, 1, 1),
(693, 1, 75, 1, 1, 1, 1, 1),
(694, 1, 76, 1, 1, 1, 1, 1),
(695, 1, 72, 1, 1, 1, 1, 1),
(696, 1, 73, 1, 1, 1, 1, 1),
(724, 11, 1, 0, 0, 0, 0, 0),
(725, 11, 2, 1, 0, 0, 0, 1),
(726, 11, 6, 1, 0, 0, 0, 1),
(727, 11, 76, 1, 1, 0, 1, 1),
(728, 11, 72, 1, 1, 0, 1, 1),
(729, 11, 73, 1, 1, 0, 1, 1),
(730, 11, 77, 1, 1, 0, 1, 1),
(731, 11, 58, 1, 1, 0, 1, 1),
(732, 12, 6, 0, 0, 0, 0, 0),
(733, 12, 76, 1, 0, 0, 0, 1),
(734, 12, 72, 1, 0, 0, 0, 1),
(735, 12, 73, 1, 0, 0, 0, 1),
(736, 12, 77, 1, 0, 0, 0, 1),
(737, 12, 58, 1, 0, 0, 0, 1),
(756, 9, 1, 0, 0, 0, 0, 0),
(757, 9, 2, 1, 1, 1, 1, 1),
(758, 9, 3, 1, 1, 1, 1, 1),
(759, 9, 79, 1, 1, 1, 1, 1),
(760, 9, 6, 1, 1, 1, 1, 1),
(761, 9, 76, 1, 1, 1, 1, 1),
(762, 9, 72, 1, 1, 1, 1, 1),
(763, 9, 73, 1, 1, 1, 1, 1),
(764, 9, 77, 1, 1, 1, 1, 1),
(765, 9, 58, 1, 1, 1, 1, 1);

-- --------------------------------------------------------

--
-- Estructura de tabla para la tabla `ws_rol_usuario`
--

DROP TABLE IF EXISTS `ws_rol_usuario`;
CREATE TABLE `ws_rol_usuario` (
  `id_rol_usuario` int(11) NOT NULL,
  `id_rol` int(11) NOT NULL,
  `id_usuario` int(11) NOT NULL,
  `activo` varchar(255) COLLATE utf8_spanish_ci NOT NULL DEFAULT '1' COMMENT '1 activo, 0 pues no...'
) ENGINE=MyISAM DEFAULT CHARSET=utf8 COLLATE=utf8_spanish_ci;

--
-- Volcado de datos para la tabla `ws_rol_usuario`
--

INSERT INTO `ws_rol_usuario` (`id_rol_usuario`, `id_rol`, `id_usuario`, `activo`) VALUES
(30, 1, 1, '1');

-- --------------------------------------------------------

--
-- Estructura de tabla para la tabla `ws_usuario`
--

DROP TABLE IF EXISTS `ws_usuario`;
CREATE TABLE `ws_usuario` (
  `id_usuario` int(10) UNSIGNED NOT NULL,
  `id_carpeta` int(11) NOT NULL DEFAULT 0,
  `id_area` int(11) DEFAULT 0,
  `id_empleado` int(11) DEFAULT 0,
  `id_rol` tinyint(4) NOT NULL,
  `id_usuario_captura` int(11) NOT NULL DEFAULT 0,
  `id_responsable` int(11) NOT NULL DEFAULT 0 COMMENT 'id del responsable ahora se agarra de la tabla de areas',
  `usuario` varchar(50) COLLATE utf8_spanish_ci NOT NULL,
  `clave` varchar(40) COLLATE utf8_spanish_ci NOT NULL,
  `nombre` varchar(255) COLLATE utf8_spanish_ci NOT NULL,
  `apepa` varchar(50) COLLATE utf8_spanish_ci DEFAULT NULL,
  `apema` varchar(50) COLLATE utf8_spanish_ci DEFAULT NULL,
  `sexo` tinyint(4) NOT NULL COMMENT '1 es masculino, 2 femenino',
  `correo` varchar(150) COLLATE utf8_spanish_ci DEFAULT NULL,
  `fecha_ingreso` date NOT NULL,
  `imp` tinyint(1) NOT NULL,
  `edit` tinyint(1) NOT NULL,
  `elim` tinyint(1) NOT NULL,
  `nuev` tinyint(1) NOT NULL,
  `img` varchar(30) COLLATE utf8_spanish_ci NOT NULL COMMENT 'Avatar de usuario',
  `admin` tinyint(4) DEFAULT NULL COMMENT '1 Si es admin, 0 es usuario estandard',
  `activo` tinyint(4) NOT NULL
) ENGINE=InnoDB DEFAULT CHARSET=utf8 COLLATE=utf8_spanish_ci;

--
-- Volcado de datos para la tabla `ws_usuario`
--

INSERT INTO `ws_usuario` (`id_usuario`, `id_carpeta`, `id_area`, `id_empleado`, `id_rol`, `id_usuario_captura`, `id_responsable`, `usuario`, `clave`, `nombre`, `apepa`, `apema`, `sexo`, `correo`, `fecha_ingreso`, `imp`, `edit`, `elim`, `nuev`, `img`, `admin`, `activo`) VALUES
(1, 1, 0, 0, 1, 0, 7, 'turing', 'f848eea8567fb1454f47a3d76e12fb4f', 'Usuario', 'Administrador', ' ', 1, 'turing@good.com', '2015-08-25', 0, 1, 0, 1, 'avatar5.png', 0, 1),
(13, 0, 0, 0, 9, 1, 0, 'Administrador', 'f848eea8567fb1454f47a3d76e12fb4f', 'Administrador', 'Administrador', 'Administrador', 1, 'Admon@gmail.com', '2020-04-05', 0, 1, 0, 1, 'avatar5.png', 0, 1),
(14, 0, 0, 0, 11, 1, 0, 'Estandar', 'f848eea8567fb1454f47a3d76e12fb4f', 'estandar', 'estandar', 'estandar', 1, 'estandar@gmail.com', '2020-04-05', 0, 1, 0, 1, 'avatar5.png', 0, 1),
(15, 0, 0, 0, 12, 1, 0, 'Invitado', 'f848eea8567fb1454f47a3d76e12fb4f', 'invitado', 'invitado', 'invitado', 1, 'invitado@gmail.com', '2020-04-05', 0, 1, 0, 1, 'avatar5.png', 0, 1);

-- --------------------------------------------------------

--
-- Estructura de tabla para la tabla `ws_usuario_menu`
--

DROP TABLE IF EXISTS `ws_usuario_menu`;
CREATE TABLE `ws_usuario_menu` (
  `id_usuario_menu` int(11) NOT NULL,
  `id_usuario` int(11) NOT NULL,
  `id_menu` int(11) NOT NULL,
  `imp` tinyint(4) NOT NULL,
  `edit` tinyint(4) NOT NULL,
  `elim` tinyint(4) NOT NULL,
  `nuevo` tinyint(4) NOT NULL,
  `exportar` tinyint(4) NOT NULL
) ENGINE=MyISAM DEFAULT CHARSET=utf8 COLLATE=utf8_spanish_ci COMMENT='Los permisos que tiene el usuario sobre el menú';

--
-- Volcado de datos para la tabla `ws_usuario_menu`
--

INSERT INTO `ws_usuario_menu` (`id_usuario_menu`, `id_usuario`, `id_menu`, `imp`, `edit`, `elim`, `nuevo`, `exportar`) VALUES
(299, 3, 7, 1, 1, 1, 1, 1),
(298, 3, 6, 0, 0, 0, 0, 0),
(297, 3, 5, 1, 1, 1, 1, 1),
(296, 3, 4, 0, 0, 0, 0, 0),
(295, 3, 3, 1, 1, 1, 1, 1),
(294, 3, 2, 1, 1, 1, 1, 1),
(293, 3, 1, 0, 0, 0, 0, 0),
(286, 2, 1, 0, 0, 0, 0, 0),
(287, 2, 2, 1, 1, 1, 1, 1),
(288, 2, 3, 1, 1, 1, 1, 1),
(289, 2, 4, 0, 0, 0, 0, 0),
(290, 2, 5, 1, 1, 1, 1, 1),
(291, 2, 6, 0, 0, 0, 0, 0),
(292, 2, 7, 1, 1, 1, 1, 1),
(720, 4, 36, 1, 1, 1, 1, 1),
(719, 4, 35, 1, 1, 1, 1, 1),
(718, 4, 34, 0, 0, 0, 0, 0),
(717, 4, 33, 1, 1, 1, 1, 1),
(327, 5, 5, 0, 0, 0, 0, 0),
(326, 5, 4, 0, 0, 0, 0, 0),
(716, 4, 25, 1, 1, 1, 1, 1),
(715, 4, 23, 1, 1, 1, 1, 1),
(714, 4, 13, 1, 1, 1, 1, 1),
(316, 6, 1, 0, 0, 0, 0, 0),
(317, 6, 2, 1, 1, 1, 1, 1),
(318, 6, 3, 1, 1, 1, 1, 1),
(319, 6, 4, 0, 0, 0, 0, 0),
(320, 6, 5, 1, 1, 1, 1, 1),
(321, 6, 6, 0, 0, 0, 0, 0),
(322, 6, 7, 1, 1, 1, 1, 1),
(840, 1, 78, 1, 1, 1, 1, 1),
(839, 1, 77, 0, 0, 0, 0, 0),
(838, 1, 73, 1, 1, 1, 1, 1),
(837, 1, 72, 0, 0, 0, 0, 0),
(836, 1, 76, 1, 1, 1, 1, 1),
(835, 1, 75, 1, 1, 1, 1, 1),
(834, 1, 74, 1, 1, 1, 1, 1),
(833, 1, 71, 1, 1, 1, 1, 1),
(832, 1, 65, 1, 1, 1, 1, 1),
(831, 1, 63, 1, 1, 1, 1, 1),
(830, 1, 62, 1, 1, 1, 1, 1),
(829, 1, 59, 1, 1, 1, 1, 1),
(828, 1, 58, 1, 1, 1, 1, 1),
(827, 1, 57, 1, 1, 1, 1, 1),
(826, 1, 51, 1, 1, 1, 1, 1),
(825, 1, 47, 1, 1, 1, 1, 1),
(824, 1, 46, 1, 1, 1, 1, 1),
(713, 4, 12, 1, 1, 1, 1, 1),
(712, 4, 24, 0, 0, 0, 0, 0),
(711, 4, 22, 1, 1, 1, 1, 1),
(710, 4, 21, 1, 1, 1, 1, 1),
(709, 4, 20, 1, 1, 1, 1, 1),
(708, 4, 19, 0, 0, 0, 0, 0),
(707, 4, 18, 1, 1, 1, 1, 1),
(706, 4, 17, 1, 1, 1, 1, 1),
(705, 4, 16, 1, 1, 1, 1, 1),
(704, 4, 15, 1, 1, 1, 1, 1),
(703, 4, 14, 0, 0, 0, 0, 0),
(702, 4, 32, 1, 1, 1, 1, 1),
(701, 4, 31, 1, 1, 1, 1, 1),
(700, 4, 30, 1, 1, 1, 1, 1),
(699, 4, 29, 1, 1, 1, 1, 1),
(698, 4, 28, 1, 1, 1, 1, 1),
(697, 4, 27, 1, 1, 1, 1, 1),
(696, 4, 11, 0, 0, 0, 0, 0),
(823, 1, 45, 1, 1, 1, 1, 1),
(822, 1, 9, 1, 1, 1, 1, 1),
(821, 1, 8, 1, 1, 1, 1, 1),
(695, 4, 9, 1, 1, 1, 1, 1),
(694, 4, 8, 1, 1, 1, 1, 1),
(693, 4, 7, 1, 1, 1, 1, 1),
(692, 4, 6, 0, 0, 0, 0, 0),
(691, 4, 41, 1, 1, 1, 1, 1),
(690, 4, 26, 1, 1, 1, 1, 1),
(689, 4, 10, 1, 1, 1, 1, 1),
(688, 4, 5, 1, 1, 1, 1, 1),
(687, 4, 4, 0, 0, 0, 0, 0),
(686, 4, 3, 1, 1, 1, 1, 1),
(685, 4, 2, 1, 1, 1, 1, 1),
(684, 4, 1, 0, 0, 0, 0, 0),
(820, 1, 7, 1, 1, 1, 1, 1),
(819, 1, 6, 0, 0, 0, 0, 0),
(721, 4, 37, 0, 0, 0, 0, 0),
(722, 4, 38, 1, 1, 1, 1, 1),
(723, 4, 39, 1, 1, 1, 1, 1),
(724, 4, 40, 0, 0, 0, 0, 0),
(818, 1, 3, 1, 1, 1, 1, 1),
(817, 1, 2, 1, 1, 1, 1, 1),
(816, 1, 1, 0, 0, 0, 0, 0),
(989, 13, 58, 1, 1, 1, 1, 1),
(943, 15, 58, 1, 0, 0, 0, 1),
(942, 15, 77, 1, 0, 0, 0, 1),
(941, 15, 73, 1, 0, 0, 0, 1),
(940, 15, 72, 1, 0, 0, 0, 1),
(939, 15, 76, 1, 0, 0, 0, 1),
(938, 15, 6, 0, 0, 0, 0, 0),
(937, 14, 58, 1, 1, 0, 1, 1),
(936, 14, 77, 1, 1, 0, 1, 1),
(935, 14, 73, 1, 1, 0, 1, 1),
(934, 14, 72, 1, 1, 0, 1, 1),
(933, 14, 76, 1, 1, 0, 1, 1),
(932, 14, 6, 1, 0, 0, 0, 1),
(931, 14, 2, 1, 0, 0, 0, 1),
(930, 14, 1, 0, 0, 0, 0, 0),
(988, 13, 77, 1, 1, 1, 1, 1),
(987, 13, 73, 1, 1, 1, 1, 1),
(986, 13, 72, 1, 1, 1, 1, 1),
(985, 13, 76, 1, 1, 1, 1, 1),
(984, 13, 6, 1, 1, 1, 1, 1),
(983, 13, 79, 1, 1, 1, 1, 1),
(982, 13, 3, 1, 1, 1, 1, 1),
(981, 13, 2, 1, 1, 1, 1, 1),
(980, 13, 1, 0, 0, 0, 0, 0);

--
-- Índices para tablas volcadas
--

--
-- Indices de la tabla `cat_activo_fijo`
--
ALTER TABLE `cat_activo_fijo`
  ADD PRIMARY KEY (`id_activo`);

--
-- Indices de la tabla `cat_bancos`
--
ALTER TABLE `cat_bancos`
  ADD PRIMARY KEY (`id_banco`);

--
-- Indices de la tabla `cat_beneficiario`
--
ALTER TABLE `cat_beneficiario`
  ADD PRIMARY KEY (`id_beneficiario`);

--
-- Indices de la tabla `cat_centrotrabajo`
--
ALTER TABLE `cat_centrotrabajo`
  ADD PRIMARY KEY (`id_centrotrabajo`);

--
-- Indices de la tabla `cat_conceptos`
--
ALTER TABLE `cat_conceptos`
  ADD PRIMARY KEY (`id_concepto`);

--
-- Indices de la tabla `cat_estados`
--
ALTER TABLE `cat_estados`
  ADD PRIMARY KEY (`id_estado`);

--
-- Indices de la tabla `cat_puesto`
--
ALTER TABLE `cat_puesto`
  ADD PRIMARY KEY (`id_puesto`);

--
-- Indices de la tabla `cat_titulo`
--
ALTER TABLE `cat_titulo`
  ADD PRIMARY KEY (`id_titulo`);

--
-- Indices de la tabla `ws_menu`
--
ALTER TABLE `ws_menu`
  ADD PRIMARY KEY (`id`);

--
-- Indices de la tabla `ws_parametro`
--
ALTER TABLE `ws_parametro`
  ADD PRIMARY KEY (`id_parametro`);

--
-- Indices de la tabla `ws_rol`
--
ALTER TABLE `ws_rol`
  ADD PRIMARY KEY (`id`);

--
-- Indices de la tabla `ws_rol_menu`
--
ALTER TABLE `ws_rol_menu`
  ADD PRIMARY KEY (`id`);

--
-- Indices de la tabla `ws_rol_usuario`
--
ALTER TABLE `ws_rol_usuario`
  ADD PRIMARY KEY (`id_rol_usuario`);

--
-- Indices de la tabla `ws_usuario`
--
ALTER TABLE `ws_usuario`
  ADD PRIMARY KEY (`id_usuario`);

--
-- Indices de la tabla `ws_usuario_menu`
--
ALTER TABLE `ws_usuario_menu`
  ADD PRIMARY KEY (`id_usuario_menu`);

--
-- AUTO_INCREMENT de las tablas volcadas
--

--
-- AUTO_INCREMENT de la tabla `cat_activo_fijo`
--
ALTER TABLE `cat_activo_fijo`
  MODIFY `id_activo` int(11) NOT NULL AUTO_INCREMENT, AUTO_INCREMENT=12;

--
-- AUTO_INCREMENT de la tabla `cat_bancos`
--
ALTER TABLE `cat_bancos`
  MODIFY `id_banco` int(11) NOT NULL AUTO_INCREMENT, AUTO_INCREMENT=907;

--
-- AUTO_INCREMENT de la tabla `cat_beneficiario`
--
ALTER TABLE `cat_beneficiario`
  MODIFY `id_beneficiario` int(11) NOT NULL AUTO_INCREMENT, AUTO_INCREMENT=3429;

--
-- AUTO_INCREMENT de la tabla `cat_centrotrabajo`
--
ALTER TABLE `cat_centrotrabajo`
  MODIFY `id_centrotrabajo` int(11) NOT NULL AUTO_INCREMENT, AUTO_INCREMENT=21;

--
-- AUTO_INCREMENT de la tabla `cat_conceptos`
--
ALTER TABLE `cat_conceptos`
  MODIFY `id_concepto` int(11) NOT NULL AUTO_INCREMENT COMMENT 'Identificador único de control', AUTO_INCREMENT=19;

--
-- AUTO_INCREMENT de la tabla `cat_estados`
--
ALTER TABLE `cat_estados`
  MODIFY `id_estado` int(11) NOT NULL AUTO_INCREMENT, AUTO_INCREMENT=34;

--
-- AUTO_INCREMENT de la tabla `cat_puesto`
--
ALTER TABLE `cat_puesto`
  MODIFY `id_puesto` int(3) NOT NULL AUTO_INCREMENT, AUTO_INCREMENT=376;

--
-- AUTO_INCREMENT de la tabla `cat_titulo`
--
ALTER TABLE `cat_titulo`
  MODIFY `id_titulo` int(11) NOT NULL AUTO_INCREMENT, AUTO_INCREMENT=101;

--
-- AUTO_INCREMENT de la tabla `ws_menu`
--
ALTER TABLE `ws_menu`
  MODIFY `id` int(11) UNSIGNED NOT NULL AUTO_INCREMENT, AUTO_INCREMENT=80;

--
-- AUTO_INCREMENT de la tabla `ws_parametro`
--
ALTER TABLE `ws_parametro`
  MODIFY `id_parametro` int(11) NOT NULL AUTO_INCREMENT COMMENT 'Identificador del parametro', AUTO_INCREMENT=49;

--
-- AUTO_INCREMENT de la tabla `ws_rol`
--
ALTER TABLE `ws_rol`
  MODIFY `id` int(10) NOT NULL AUTO_INCREMENT, AUTO_INCREMENT=23;

--
-- AUTO_INCREMENT de la tabla `ws_rol_menu`
--
ALTER TABLE `ws_rol_menu`
  MODIFY `id` int(10) UNSIGNED NOT NULL AUTO_INCREMENT, AUTO_INCREMENT=766;

--
-- AUTO_INCREMENT de la tabla `ws_rol_usuario`
--
ALTER TABLE `ws_rol_usuario`
  MODIFY `id_rol_usuario` int(11) NOT NULL AUTO_INCREMENT, AUTO_INCREMENT=31;

--
-- AUTO_INCREMENT de la tabla `ws_usuario`
--
ALTER TABLE `ws_usuario`
  MODIFY `id_usuario` int(10) UNSIGNED NOT NULL AUTO_INCREMENT, AUTO_INCREMENT=18;

--
-- AUTO_INCREMENT de la tabla `ws_usuario_menu`
--
ALTER TABLE `ws_usuario_menu`
  MODIFY `id_usuario_menu` int(11) NOT NULL AUTO_INCREMENT, AUTO_INCREMENT=990;
COMMIT;

/*!40101 SET CHARACTER_SET_CLIENT=@OLD_CHARACTER_SET_CLIENT */;
/*!40101 SET CHARACTER_SET_RESULTS=@OLD_CHARACTER_SET_RESULTS */;
/*!40101 SET COLLATION_CONNECTION=@OLD_COLLATION_CONNECTION */;
